mission_time,target_altitude,current_altitude,error,velocity_cmd,proportional,integral,derivative
2.384185791015625e-07,1.5,0.74,0.76,0.22837999999999997,0.22799999999999998,0.0003800000000000001,0.0
0.05289959907531738,1.5,0.74,0.76,0.22876,0.22799999999999998,0.0007600000000000002,0.0
0.10592007637023926,1.5,0.73,0.77,0.234145,0.23099999999999998,0.0011450000000000002,0.0020000000000000018
0.1589651107788086,1.5,0.73,0.77,0.23253,0.23099999999999998,0.0015300000000000003,0.0
0.201308012008667,1.5,0.73,0.77,0.23291499999999998,0.23099999999999998,0.0019150000000000003,0.0
0.25472092628479004,1.5,0.73,0.77,0.23329999999999998,0.23099999999999998,0.0023000000000000004,0.0
0.3082306385040283,1.5,0.74,0.76,0.22867999999999997,0.22799999999999998,0.00268,-0.0020000000000000018
0.3513216972351074,1.5,0.74,0.76,0.23106,0.22799999999999998,0.0030600000000000007,0.0
0.40424513816833496,1.5,0.73,0.77,0.236445,0.23099999999999998,0.003445,0.0020000000000000018
0.4574394226074219,1.5,0.73,0.77,0.23482999999999998,0.23099999999999998,0.00383,0.0
0.5103509426116943,1.5,0.74,0.76,0.23020999999999997,0.22799999999999998,0.00421,-0.0020000000000000018
0.5530514717102051,1.5,0.74,0.76,0.23259,0.22799999999999998,0.004590000000000001,0.0
0.6061258316040039,1.5,0.75,0.75,0.22796499999999997,0.22499999999999998,0.004965000000000001,-0.0020000000000000018
0.6595971584320068,1.5,0.75,0.75,0.23034,0.22499999999999998,0.00534,0.0
0.7016096115112305,1.5,0.76,0.74,0.22571,0.222,0.005710000000000001,-0.0020000000000000018
0.755159854888916,1.5,0.76,0.74,0.22808,0.222,0.006080000000000001,0.0
0.8088927268981934,1.5,0.77,0.73,0.223445,0.219,0.006445000000000001,-0.0020000000000000018
0.8516621589660645,1.5,0.77,0.73,0.22581,0.219,0.006810000000000001,0.0
0.9047698974609375,1.5,0.78,0.72,0.22117,0.216,0.007170000000000001,-0.0020000000000000018
0.957766056060791,1.5,0.78,0.72,0.22353,0.216,0.007530000000000001,0.0
1.001079797744751,1.5,0.78,0.72,0.22389,0.216,0.007890000000000001,0.0
1.0547566413879395,1.5,0.78,0.72,0.22425,0.216,0.008250000000000002,0.0
1.1080834865570068,1.5,0.8,0.7,0.21459999999999999,0.21,0.008600000000000002,-0.0040000000000000036
1.1503944396972656,1.5,0.8,0.7,0.21895,0.21,0.008950000000000003,0.0
1.2030158042907715,1.5,0.8,0.7,0.2193,0.21,0.009300000000000003,0.0
1.2563142776489258,1.5,0.8,0.7,0.21964999999999998,0.21,0.009650000000000004,0.0
1.3095669746398926,1.5,0.81,0.69,0.214995,0.207,0.009995000000000002,-0.0020000000000000018
1.3517789840698242,1.5,0.81,0.69,0.21733999999999998,0.207,0.010340000000000002,0.0
1.404731273651123,1.5,0.81,0.69,0.217685,0.207,0.010685000000000002,0.0
1.4577794075012207,1.5,0.82,0.68,0.21302500000000005,0.20400000000000001,0.011025000000000004,-0.0019999999999999792
1.5005123615264893,1.5,0.82,0.68,0.21536500000000003,0.20400000000000001,0.011365000000000004,0.0
1.5534510612487793,1.5,0.83,0.67,0.21070000000000003,0.201,0.011700000000000004,-0.0020000000000000018
1.60703706741333,1.5,0.83,0.67,0.21303500000000003,0.201,0.012035000000000004,0.0
1.6593892574310303,1.5,0.84,0.66,0.20836500000000002,0.198,0.012365000000000004,-0.0020000000000000018
1.7015621662139893,1.5,0.84,0.66,0.21069500000000002,0.198,0.012695000000000003,0.0
1.754410982131958,1.5,0.85,0.65,0.20602,0.195,0.013020000000000004,-0.0020000000000000018
1.8068113327026367,1.5,0.85,0.65,0.208345,0.195,0.013345000000000003,0.0
1.859306812286377,1.5,0.86,0.64,0.203665,0.192,0.013665000000000004,-0.0020000000000000018
1.9017012119293213,1.5,0.86,0.64,0.205985,0.192,0.013985000000000003,0.0
1.9544765949249268,1.5,0.87,0.63,0.2013,0.189,0.014300000000000004,-0.0020000000000000018
2.007458209991455,1.5,0.87,0.63,0.20361500000000002,0.189,0.014615000000000005,0.0
2.059609889984131,1.5,0.87,0.63,0.20393,0.189,0.014930000000000006,0.0
2.102062225341797,1.5,0.87,0.63,0.204245,0.189,0.015245000000000007,0.0
2.1549699306488037,1.5,0.88,0.62,0.199555,0.186,0.015555000000000006,-0.0020000000000000018
2.2079668045043945,1.5,0.88,0.62,0.20186500000000002,0.186,0.015865000000000004,0.0
2.2604689598083496,1.5,0.89,0.61,0.19717,0.183,0.016170000000000004,-0.0020000000000000018
2.3032751083374023,1.5,0.89,0.61,0.199475,0.183,0.016475000000000004,0.0
2.356096029281616,1.5,0.9,0.6,0.194775,0.18,0.016775000000000005,-0.0020000000000000018
2.4084761142730713,1.5,0.9,0.6,0.197075,0.18,0.017075000000000003,0.0
2.4511361122131348,1.5,0.91,0.59,0.19236999999999999,0.177,0.017370000000000007,-0.0020000000000000018
2.504350185394287,1.5,0.91,0.59,0.194665,0.177,0.017665000000000007,0.0
2.5571720600128174,1.5,0.92,0.58,0.18995499999999998,0.174,0.017955000000000006,-0.0020000000000000018
2.610229969024658,1.5,0.92,0.58,0.192245,0.174,0.018245000000000004,0.0
2.6532609462738037,1.5,0.92,0.58,0.19253499999999998,0.174,0.018535000000000003,0.0
2.7066457271575928,1.5,0.92,0.58,0.192825,0.174,0.018825000000000005,0.0
2.759129762649536,1.5,0.94,0.56,0.18310500000000005,0.168,0.019105000000000004,-0.003999999999999981
2.801623582839966,1.5,0.94,0.56,0.18738500000000002,0.168,0.019385000000000003,0.0
2.855071544647217,1.5,0.94,0.56,0.18766500000000003,0.168,0.019665000000000005,0.0
2.9079172611236572,1.5,0.94,0.56,0.18794500000000003,0.168,0.019945000000000004,0.0
2.9506161212921143,1.5,0.95,0.55,0.18322,0.165,0.020220000000000002,-0.0020000000000000018
3.0035884380340576,1.5,0.96,0.54,0.18049,0.162,0.020490000000000005,-0.0020000000000000018
3.056378126144409,1.5,0.96,0.54,0.18276,0.162,0.020760000000000004,0.0
3.1097829341888428,1.5,0.97,0.53,0.17802500000000002,0.159,0.021025000000000005,-0.0020000000000000018
3.152418613433838,1.5,0.97,0.53,0.18029,0.159,0.021290000000000003,0.0
3.205016613006592,1.5,0.97,0.53,0.18055500000000002,0.159,0.021555000000000005,0.0
3.2582168579101562,1.5,0.97,0.53,0.18082,0.159,0.021820000000000003,0.0
3.3002991676330566,1.5,0.98,0.52,0.17608000000000001,0.156,0.022080000000000002,-0.0020000000000000018
3.353611946105957,1.5,0.98,0.52,0.17834,0.156,0.02234,0.0
3.4067013263702393,1.5,0.99,0.51,0.173595,0.153,0.022595,-0.0020000000000000018
3.459420680999756,1.5,0.99,0.51,0.17585,0.153,0.022850000000000002,0.0
3.50199818611145,1.5,1.0,0.5,0.1711,0.15,0.023100000000000002,-0.0020000000000000018
3.5548222064971924,1.5,1.0,0.5,0.17335,0.15,0.02335,0.0
3.6073803901672363,1.5,1.0,0.5,0.1736,0.15,0.0236,0.0
3.6598198413848877,1.5,1.0,0.5,0.17385,0.15,0.02385,0.0
3.7020225524902344,1.5,1.0,0.5,0.17409999999999998,0.15,0.024099999999999996,0.0
3.754739284515381,1.5,1.01,0.49,0.169345,0.147,0.024345,-0.0020000000000000018
3.8066680431365967,1.5,1.01,0.49,0.17159,0.147,0.02459,0.0
3.8517675399780273,1.5,1.02,0.48,0.16682999999999998,0.144,0.02483,-0.0020000000000000018
3.9053778648376465,1.5,1.02,0.48,0.16907,0.144,0.025070000000000002,0.0
3.958510398864746,1.5,1.02,0.48,0.16931,0.144,0.025310000000000003,0.0
4.001036882400513,1.5,1.02,0.48,0.16954999999999998,0.144,0.025550000000000003,0.0
4.053874254226685,1.5,1.03,0.47,0.164785,0.141,0.025785000000000002,-0.0020000000000000018
4.1065404415130615,1.5,1.03,0.47,0.16701999999999997,0.141,0.026019999999999998,0.0
4.160312652587891,1.5,1.04,0.45999999999999996,0.16224999999999998,0.13799999999999998,0.02625,-0.0020000000000000018
4.203110694885254,1.5,1.04,0.45999999999999996,0.16448,0.13799999999999998,0.026480000000000004,0.0
4.256591320037842,1.5,1.04,0.45999999999999996,0.16471,0.13799999999999998,0.026710000000000005,0.0
4.310017108917236,1.5,1.04,0.45999999999999996,0.16493999999999998,0.13799999999999998,0.026940000000000006,0.0
4.352357864379883,1.5,1.05,0.44999999999999996,0.16016499999999997,0.13499999999999998,0.027165000000000005,-0.0020000000000000018
4.405327320098877,1.5,1.05,0.44999999999999996,0.16238999999999998,0.13499999999999998,0.027390000000000005,0.0
4.458457708358765,1.5,1.05,0.44999999999999996,0.16261499999999998,0.13499999999999998,0.027615000000000004,0.0
4.500478029251099,1.5,1.05,0.44999999999999996,0.16283999999999998,0.13499999999999998,0.027840000000000004,0.0
4.5537428855896,1.5,1.06,0.43999999999999995,0.15805999999999998,0.13199999999999998,0.02806,-0.0020000000000000018
4.606649398803711,1.5,1.06,0.43999999999999995,0.16027999999999998,0.13199999999999998,0.02828,0.0
4.660353660583496,1.5,1.07,0.42999999999999994,0.15549499999999997,0.12899999999999998,0.028495,-0.0020000000000000018
4.702362060546875,1.5,1.07,0.42999999999999994,0.15770999999999996,0.12899999999999998,0.02871,0.0
4.75528359413147,1.5,1.07,0.42999999999999994,0.15792499999999998,0.12899999999999998,0.028925000000000003,0.0
4.808070182800293,1.5,1.07,0.42999999999999994,0.15813999999999998,0.12899999999999998,0.029140000000000003,0.0
4.850326299667358,1.5,1.08,0.41999999999999993,0.15335,0.12599999999999997,0.02935,-0.0020000000000000018
4.903081178665161,1.5,1.08,0.41999999999999993,0.15555999999999998,0.12599999999999997,0.02956,0.0
4.956792593002319,1.5,1.09,0.4099999999999999,0.15076499999999998,0.12299999999999997,0.029765000000000003,-0.0020000000000000018
5.009695053100586,1.5,1.09,0.4099999999999999,0.15296999999999997,0.12299999999999997,0.029970000000000004,0.0
5.052936315536499,1.5,1.09,0.4099999999999999,0.15317499999999998,0.12299999999999997,0.030175000000000007,0.0
5.106416463851929,1.5,1.09,0.4099999999999999,0.15338,0.12299999999999997,0.030380000000000008,0.0
5.159980297088623,1.5,1.1,0.3999999999999999,0.14857999999999996,0.11999999999999997,0.030580000000000006,-0.0020000000000000018
5.201960325241089,1.5,1.1,0.3999999999999999,0.15077999999999997,0.11999999999999997,0.03078000000000001,0.0
5.254297733306885,1.5,1.1,0.3999999999999999,0.15097999999999998,0.11999999999999997,0.030980000000000008,0.0
5.308073043823242,1.5,1.1,0.3999999999999999,0.15117999999999998,0.11999999999999997,0.03118000000000001,0.0
5.351342678070068,1.5,1.11,0.3899999999999999,0.14637499999999998,0.11699999999999997,0.03137500000000001,-0.0020000000000000018
5.4050352573394775,1.5,1.11,0.3899999999999999,0.14856999999999998,0.11699999999999997,0.03157000000000001,0.0
5.457467555999756,1.5,1.12,0.3799999999999999,0.14375999999999997,0.11399999999999996,0.031760000000000004,-0.0020000000000000018
5.510270833969116,1.5,1.12,0.3799999999999999,0.14594999999999997,0.11399999999999996,0.031950000000000006,0.0
5.5532612800598145,1.5,1.12,0.3799999999999999,0.14613999999999996,0.11399999999999996,0.03214000000000001,0.0
5.605958938598633,1.5,1.12,0.3799999999999999,0.14632999999999996,0.11399999999999996,0.03233000000000001,0.0
5.658676624298096,1.5,1.13,0.3700000000000001,0.14151500000000009,0.11100000000000003,0.03251500000000001,-0.0019999999999999575
5.7012903690338135,1.5,1.13,0.3700000000000001,0.14370000000000005,0.11100000000000003,0.03270000000000001,0.0
5.754982948303223,1.5,1.13,0.3700000000000001,0.14388500000000004,0.11100000000000003,0.03288500000000001,0.0
5.807636976242065,1.5,1.13,0.3700000000000001,0.14407000000000003,0.11100000000000003,0.03307000000000001,0.0
5.850506544113159,1.5,1.14,0.3600000000000001,0.13925000000000004,0.10800000000000003,0.03325000000000001,-0.0020000000000000018
5.903206825256348,1.5,1.14,0.3600000000000001,0.14143000000000003,0.10800000000000003,0.03343000000000001,0.0
5.9570887088775635,1.5,1.14,0.3600000000000001,0.14161,0.10800000000000003,0.03361,0.0
6.009863615036011,1.5,1.14,0.3600000000000001,0.14179000000000003,0.10800000000000003,0.03379,0.0
6.051858425140381,1.5,1.15,0.3500000000000001,0.13696500000000003,0.10500000000000002,0.033965,-0.0020000000000000018
6.105031967163086,1.5,1.15,0.3500000000000001,0.13914000000000004,0.10500000000000002,0.034140000000000004,0.0
6.158560037612915,1.5,1.15,0.3500000000000001,0.13931500000000002,0.10500000000000002,0.034315000000000005,0.0
6.2014851570129395,1.5,1.15,0.3500000000000001,0.13949000000000003,0.10500000000000002,0.03449000000000001,0.0
6.2548987865448,1.5,1.15,0.3500000000000001,0.13966500000000004,0.10500000000000002,0.034665,0.0
6.308297157287598,1.5,1.15,0.3500000000000001,0.13984000000000002,0.10500000000000002,0.03484,0.0
6.351522445678711,1.5,1.15,0.3500000000000001,0.14001500000000003,0.10500000000000002,0.035015000000000004,0.0
6.405022859573364,1.5,1.16,0.3400000000000001,0.13518500000000003,0.10200000000000002,0.03518500000000001,-0.0020000000000000018
6.457960844039917,1.5,1.16,0.3400000000000001,0.13735500000000003,0.10200000000000002,0.035355000000000004,0.0
6.5007147789001465,1.5,1.17,0.33000000000000007,0.13252000000000003,0.09900000000000002,0.03552,-0.0020000000000000018
6.55361533164978,1.5,1.17,0.33000000000000007,0.13468500000000003,0.09900000000000002,0.03568500000000001,0.0
6.605679988861084,1.5,1.17,0.33000000000000007,0.13485000000000003,0.09900000000000002,0.03585000000000001,0.0
6.6583967208862305,1.5,1.17,0.33000000000000007,0.13501500000000002,0.09900000000000002,0.03601500000000001,0.0
6.701223134994507,1.5,1.17,0.33000000000000007,0.13518000000000002,0.09900000000000002,0.03618000000000001,0.0
6.754597902297974,1.5,1.17,0.33000000000000007,0.13534500000000005,0.09900000000000002,0.036345000000000016,0.0
6.808326959609985,1.5,1.17,0.33000000000000007,0.13551000000000002,0.09900000000000002,0.036510000000000015,0.0
6.851244926452637,1.5,1.17,0.33000000000000007,0.13567500000000005,0.09900000000000002,0.03667500000000002,0.0
6.9045562744140625,1.5,1.18,0.32000000000000006,0.13083500000000003,0.09600000000000002,0.03683500000000002,-0.0020000000000000018
6.95869517326355,1.5,1.18,0.32000000000000006,0.13299500000000003,0.09600000000000002,0.03699500000000002,0.0
7.001738548278809,1.5,1.18,0.32000000000000006,0.13315500000000002,0.09600000000000002,0.03715500000000002,0.0
7.054498672485352,1.5,1.18,0.32000000000000006,0.13331500000000004,0.09600000000000002,0.03731500000000002,0.0
7.107854843139648,1.5,1.18,0.32000000000000006,0.13347500000000004,0.09600000000000002,0.03747500000000002,0.0
7.150363922119141,1.5,1.18,0.32000000000000006,0.13363500000000003,0.09600000000000002,0.03763500000000002,0.0
7.203039169311523,1.5,1.18,0.32000000000000006,0.13379500000000003,0.09600000000000002,0.037795000000000016,0.0
7.255843162536621,1.5,1.19,0.31000000000000005,0.12895000000000004,0.09300000000000001,0.03795000000000002,-0.0020000000000000018
7.308805465698242,1.5,1.19,0.31000000000000005,0.13110500000000003,0.09300000000000001,0.038105000000000014,0.0
7.351170301437378,1.5,1.19,0.31000000000000005,0.13126000000000004,0.09300000000000001,0.038260000000000016,0.0
7.404764413833618,1.5,1.19,0.31000000000000005,0.13141500000000003,0.09300000000000001,0.03841500000000001,0.0
7.458215713500977,1.5,1.19,0.31000000000000005,0.13157000000000002,0.09300000000000001,0.038570000000000014,0.0
7.500452756881714,1.5,1.2,0.30000000000000004,0.12672000000000003,0.09000000000000001,0.03872000000000001,-0.0020000000000000018
7.554152965545654,1.5,1.2,0.30000000000000004,0.12887000000000004,0.09000000000000001,0.038870000000000016,0.0
7.605999946594238,1.5,1.2,0.30000000000000004,0.12902000000000002,0.09000000000000001,0.03902000000000001,0.0
7.658837795257568,1.5,1.21,0.29000000000000004,0.12416500000000003,0.08700000000000001,0.03916500000000001,-0.0020000000000000018
7.700849771499634,1.5,1.21,0.29000000000000004,0.12631000000000003,0.08700000000000001,0.03931000000000001,0.0
7.75417423248291,1.5,1.21,0.29000000000000004,0.126455,0.08700000000000001,0.03945500000000001,0.0
7.806903839111328,1.5,1.21,0.29000000000000004,0.12660000000000002,0.08700000000000001,0.03960000000000002,0.0
7.860139846801758,1.5,1.21,0.29000000000000004,0.12674500000000002,0.08700000000000001,0.039745000000000016,0.0
7.9022157192230225,1.5,1.21,0.29000000000000004,0.12689000000000003,0.08700000000000001,0.039890000000000016,0.0
7.9551873207092285,1.5,1.21,0.29000000000000004,0.127035,0.08700000000000001,0.040035000000000015,0.0
8.00764012336731,1.5,1.21,0.29000000000000004,0.12718000000000002,0.08700000000000001,0.040180000000000014,0.0
8.050408840179443,1.5,1.22,0.28,0.12232000000000001,0.084,0.040320000000000016,-0.0020000000000000018
8.103720664978027,1.5,1.22,0.28,0.12446000000000003,0.084,0.040460000000000024,0.0
8.157657623291016,1.5,1.22,0.28,0.12460000000000003,0.084,0.040600000000000025,0.0
8.200761795043945,1.5,1.22,0.28,0.12474000000000003,0.084,0.040740000000000026,0.0
8.25390911102295,1.5,1.22,0.28,0.12488000000000003,0.084,0.04088000000000003,0.0
8.306941270828247,1.5,1.22,0.28,0.12502000000000002,0.084,0.04102000000000003,0.0
8.350667715072632,1.5,1.23,0.27,0.12015500000000003,0.081,0.041155000000000025,-0.0020000000000000018
8.40363073348999,1.5,1.23,0.27,0.12229000000000002,0.081,0.04129000000000002,0.0
8.456462144851685,1.5,1.23,0.27,0.12242500000000002,0.081,0.04142500000000002,0.0
8.509626388549805,1.5,1.23,0.27,0.12256000000000002,0.081,0.041560000000000014,0.0
8.552554607391357,1.5,1.24,0.26,0.11769000000000002,0.078,0.04169000000000001,-0.0020000000000000018
8.605110883712769,1.5,1.24,0.26,0.11982000000000001,0.078,0.04182000000000002,0.0
8.657444477081299,1.5,1.24,0.26,0.11995000000000001,0.078,0.041950000000000015,0.0
8.71010136604309,1.5,1.24,0.26,0.12008000000000002,0.078,0.04208000000000001,0.0
8.752666473388672,1.5,1.24,0.26,0.12021000000000001,0.078,0.04221000000000001,0.0
8.806215524673462,1.5,1.25,0.25,0.11533500000000001,0.075,0.04233500000000001,-0.0020000000000000018
8.858937740325928,1.5,1.25,0.25,0.11746000000000001,0.075,0.04246000000000001,0.0
8.901506900787354,1.5,1.25,0.25,0.11758500000000002,0.075,0.04258500000000002,0.0
8.954265117645264,1.5,1.25,0.25,0.11771000000000001,0.075,0.04271000000000002,0.0
9.007139205932617,1.5,1.26,0.24,0.11283000000000001,0.072,0.042830000000000014,-0.0020000000000000018
9.059804677963257,1.5,1.26,0.24,0.11495,0.072,0.04295000000000001,0.0
9.102227687835693,1.5,1.26,0.24,0.11507,0.072,0.043070000000000004,0.0
9.155382871627808,1.5,1.26,0.24,0.11518999999999999,0.072,0.04319,0.0
9.208171606063843,1.5,1.26,0.24,0.11531,0.072,0.043309999999999994,0.0
9.251165390014648,1.5,1.26,0.24,0.11542999999999998,0.072,0.04342999999999999,0.0
9.304290056228638,1.5,1.27,0.22999999999999998,0.11054499999999998,0.06899999999999999,0.04354499999999999,-0.0020000000000000018
9.356592655181885,1.5,1.27,0.22999999999999998,0.11265999999999998,0.06899999999999999,0.04365999999999999,0.0
9.410122871398926,1.5,1.26,0.24,0.11777999999999998,0.072,0.043779999999999986,0.0020000000000000018
9.452786684036255,1.5,1.26,0.24,0.11589999999999998,0.072,0.04389999999999998,0.0
9.505764961242676,1.5,1.27,0.22999999999999998,0.11101499999999997,0.06899999999999999,0.04401499999999998,-0.0020000000000000018
9.560068130493164,1.5,1.27,0.22999999999999998,0.11312999999999997,0.06899999999999999,0.044129999999999975,0.0
9.602423429489136,1.5,1.27,0.22999999999999998,0.11324499999999996,0.06899999999999999,0.04424499999999997,0.0
9.655105352401733,1.5,1.27,0.22999999999999998,0.11335999999999996,0.06899999999999999,0.044359999999999976,0.0
9.708608150482178,1.5,1.27,0.22999999999999998,0.11347499999999996,0.06899999999999999,0.04447499999999997,0.0
9.751009941101074,1.5,1.27,0.22999999999999998,0.11358999999999997,0.06899999999999999,0.04458999999999997,0.0
9.803829669952393,1.5,1.27,0.22999999999999998,0.11370499999999996,0.06899999999999999,0.04470499999999997,0.0
9.856345415115356,1.5,1.27,0.22999999999999998,0.11381999999999995,0.06899999999999999,0.044819999999999964,0.0
9.909716606140137,1.5,1.28,0.21999999999999997,0.10892999999999996,0.06599999999999999,0.04492999999999997,-0.0020000000000000018
9.952244758605957,1.5,1.28,0.21999999999999997,0.11103999999999996,0.06599999999999999,0.04503999999999997,0.0
10.005743741989136,1.5,1.28,0.21999999999999997,0.11114999999999996,0.06599999999999999,0.04514999999999997,0.0
10.058923244476318,1.5,1.28,0.21999999999999997,0.11125999999999997,0.06599999999999999,0.045259999999999974,0.0
10.102413654327393,1.5,1.28,0.21999999999999997,0.11136999999999997,0.06599999999999999,0.04536999999999997,0.0
10.156154870986938,1.5,1.28,0.21999999999999997,0.11147999999999997,0.06599999999999999,0.04547999999999997,0.0
10.209146499633789,1.5,1.28,0.21999999999999997,0.11158999999999997,0.06599999999999999,0.04558999999999998,0.0
10.252558708190918,1.5,1.28,0.21999999999999997,0.11169999999999997,0.06599999999999999,0.04569999999999998,0.0
10.305887699127197,1.5,1.29,0.20999999999999996,0.10680499999999996,0.06299999999999999,0.04580499999999998,-0.0020000000000000018
10.358896017074585,1.5,1.29,0.20999999999999996,0.10890999999999998,0.06299999999999999,0.045909999999999986,0.0
10.401210069656372,1.5,1.29,0.20999999999999996,0.10901499999999997,0.06299999999999999,0.046014999999999986,0.0
10.454043626785278,1.5,1.29,0.20999999999999996,0.10911999999999998,0.06299999999999999,0.046119999999999994,0.0
10.507137775421143,1.5,1.29,0.20999999999999996,0.10922499999999999,0.06299999999999999,0.046224999999999995,0.0
10.559997320175171,1.5,1.29,0.20999999999999996,0.10932999999999998,0.06299999999999999,0.04633,0.0
10.602112293243408,1.5,1.3,0.19999999999999996,0.10442999999999998,0.059999999999999984,0.04643,-0.0020000000000000018
10.654662609100342,1.5,1.3,0.19999999999999996,0.10652999999999999,0.059999999999999984,0.046529999999999995,0.0
10.70798373222351,1.5,1.3,0.19999999999999996,0.10662999999999997,0.059999999999999984,0.04663,0.0
10.750510215759277,1.5,1.3,0.19999999999999996,0.10672999999999998,0.059999999999999984,0.046729999999999994,0.0
10.803210496902466,1.5,1.3,0.19999999999999996,0.10682999999999998,0.059999999999999984,0.04682999999999999,0.0
10.855002641677856,1.5,1.3,0.19999999999999996,0.10692999999999997,0.059999999999999984,0.046929999999999986,0.0
10.907480001449585,1.5,1.31,0.18999999999999995,0.10202499999999998,0.05699999999999998,0.04702499999999999,-0.0020000000000000018
10.95017147064209,1.5,1.31,0.18999999999999995,0.10411999999999996,0.05699999999999998,0.04711999999999999,0.0
11.003190279006958,1.5,1.31,0.18999999999999995,0.10421499999999997,0.05699999999999998,0.04721499999999999,0.0
11.055830240249634,1.5,1.31,0.18999999999999995,0.10430999999999997,0.05699999999999998,0.04730999999999999,0.0
11.108694314956665,1.5,1.31,0.18999999999999995,0.10440499999999997,0.05699999999999998,0.04740499999999999,0.0
11.151946783065796,1.5,1.32,0.17999999999999994,0.09949499999999997,0.05399999999999998,0.047494999999999996,-0.0020000000000000018
11.20538330078125,1.5,1.32,0.17999999999999994,0.10158499999999998,0.05399999999999998,0.047584999999999995,0.0
11.258196592330933,1.5,1.32,0.17999999999999994,0.10167499999999999,0.05399999999999998,0.047675,0.0
11.300569295883179,1.5,1.32,0.17999999999999994,0.10176499999999998,0.05399999999999998,0.047765,0.0
11.353785514831543,1.5,1.32,0.17999999999999994,0.10185499999999999,0.05399999999999998,0.04785500000000001,0.0
11.406306982040405,1.5,1.32,0.17999999999999994,0.101945,0.05399999999999998,0.047945000000000015,0.0
11.459338188171387,1.5,1.32,0.17999999999999994,0.10203499999999999,0.05399999999999998,0.048035000000000015,0.0
11.501526832580566,1.5,1.32,0.17999999999999994,0.102125,0.05399999999999998,0.04812500000000002,0.0
11.556425094604492,1.5,1.33,0.16999999999999993,0.09720999999999999,0.050999999999999976,0.04821000000000002,-0.0020000000000000018
11.609476327896118,1.5,1.33,0.16999999999999993,0.099295,0.050999999999999976,0.04829500000000001,0.0
11.652074098587036,1.5,1.33,0.16999999999999993,0.09938,0.050999999999999976,0.04838000000000001,0.0
11.704854011535645,1.5,1.33,0.16999999999999993,0.09946499999999998,0.050999999999999976,0.04846500000000001,0.0
11.757724285125732,1.5,1.33,0.16999999999999993,0.09954999999999997,0.050999999999999976,0.04855,0.0
11.80052661895752,1.5,1.34,0.15999999999999992,0.09462999999999998,0.04799999999999997,0.04863000000000001,-0.0020000000000000018
11.854506492614746,1.5,1.34,0.15999999999999992,0.09670999999999998,0.04799999999999997,0.04871,0.0
11.907965660095215,1.5,1.34,0.15999999999999992,0.09678999999999999,0.04799999999999997,0.04879000000000001,0.0
11.950139999389648,1.5,1.34,0.15999999999999992,0.09686999999999998,0.04799999999999997,0.048870000000000004,0.0
12.00248384475708,1.5,1.35,0.1499999999999999,0.09194499999999997,0.04499999999999997,0.04894500000000001,-0.0020000000000000018
12.055946111679077,1.5,1.35,0.1499999999999999,0.09401999999999998,0.04499999999999997,0.04902000000000001,0.0
12.109152555465698,1.5,1.35,0.1499999999999999,0.09409499999999998,0.04499999999999997,0.049095000000000014,0.0
12.151159763336182,1.5,1.35,0.1499999999999999,0.09416999999999999,0.04499999999999997,0.04917000000000002,0.0
12.204326152801514,1.5,1.35,0.1499999999999999,0.094245,0.04499999999999997,0.04924500000000002,0.0
12.257349252700806,1.5,1.35,0.1499999999999999,0.09431999999999999,0.04499999999999997,0.049320000000000024,0.0
12.300042152404785,1.5,1.35,0.1499999999999999,0.09439499999999999,0.04499999999999997,0.04939500000000002,0.0
12.35304307937622,1.5,1.35,0.1499999999999999,0.09447,0.04499999999999997,0.04947000000000003,0.0
12.406924962997437,1.5,1.36,0.1399999999999999,0.08954,0.04199999999999997,0.04954000000000003,-0.0020000000000000018
12.459059000015259,1.5,1.36,0.1399999999999999,0.09161,0.04199999999999997,0.04961000000000002,0.0
12.50139594078064,1.5,1.36,0.1399999999999999,0.09167999999999998,0.04199999999999997,0.049680000000000016,0.0
12.555202960968018,1.5,1.36,0.1399999999999999,0.09174999999999998,0.04199999999999997,0.049750000000000016,0.0
12.60819411277771,1.5,1.36,0.1399999999999999,0.09181999999999998,0.04199999999999997,0.04982000000000001,0.0
12.650592565536499,1.5,1.36,0.1399999999999999,0.09188999999999997,0.04199999999999997,0.04989000000000001,0.0
12.703264236450195,1.5,1.36,0.1399999999999999,0.09195999999999997,0.04199999999999997,0.049960000000000004,0.0
12.755716562271118,1.5,1.36,0.1399999999999999,0.09202999999999997,0.04199999999999997,0.050030000000000005,0.0
12.808443546295166,1.5,1.37,0.1299999999999999,0.08709499999999996,0.038999999999999965,0.050095,-0.0020000000000000018
12.851121187210083,1.5,1.37,0.1299999999999999,0.08915999999999996,0.038999999999999965,0.05016,0.0
12.904277086257935,1.5,1.37,0.1299999999999999,0.08922499999999997,0.038999999999999965,0.050225,0.0
12.957390546798706,1.5,1.37,0.1299999999999999,0.08928999999999997,0.038999999999999965,0.05029,0.0
13.000037908554077,1.5,1.37,0.1299999999999999,0.08935499999999996,0.038999999999999965,0.050355,0.0
13.052526712417603,1.5,1.37,0.1299999999999999,0.08941999999999997,0.038999999999999965,0.05042,0.0
13.105611801147461,1.5,1.38,0.1200000000000001,0.08448000000000007,0.03600000000000003,0.050480000000000004,-0.0019999999999999575
13.15867280960083,1.5,1.38,0.1200000000000001,0.08654000000000003,0.03600000000000003,0.05054,0.0
13.201768159866333,1.5,1.39,0.1100000000000001,0.08159500000000003,0.03300000000000003,0.050595,-0.0020000000000000018
13.25452470779419,1.5,1.39,0.1100000000000001,0.08365000000000003,0.03300000000000003,0.050649999999999994,0.0
13.307840824127197,1.5,1.38,0.1200000000000001,0.08871000000000004,0.03600000000000003,0.05071,0.0020000000000000018
13.350564956665039,1.5,1.38,0.1200000000000001,0.08677000000000004,0.03600000000000003,0.05077,0.0
13.404045104980469,1.5,1.39,0.1100000000000001,0.08182500000000002,0.03300000000000003,0.050824999999999995,-0.0020000000000000018
13.457305908203125,1.5,1.39,0.1100000000000001,0.08388000000000002,0.03300000000000003,0.050879999999999995,0.0
13.510007381439209,1.5,1.39,0.1100000000000001,0.08393500000000001,0.03300000000000003,0.05093499999999999,0.0
13.55283260345459,1.5,1.39,0.1100000000000001,0.08399000000000001,0.03300000000000003,0.05098999999999999,0.0
13.605246305465698,1.5,1.39,0.1100000000000001,0.08404500000000001,0.03300000000000003,0.05104499999999998,0.0
13.658199787139893,1.5,1.39,0.1100000000000001,0.08410000000000001,0.03300000000000003,0.05109999999999998,0.0
13.701138257980347,1.5,1.4,0.10000000000000009,0.07915,0.030000000000000027,0.05114999999999997,-0.0020000000000000018
13.753381967544556,1.5,1.4,0.10000000000000009,0.0812,0.030000000000000027,0.051199999999999975,0.0
13.805940866470337,1.5,1.4,0.10000000000000009,0.08125,0.030000000000000027,0.051249999999999976,0.0
13.859345436096191,1.5,1.4,0.10000000000000009,0.0813,0.030000000000000027,0.05129999999999997,0.0
13.901597738265991,1.5,1.4,0.10000000000000009,0.08135,0.030000000000000027,0.05134999999999997,0.0
13.955215215682983,1.5,1.4,0.10000000000000009,0.0814,0.030000000000000027,0.051399999999999973,0.0
14.008061170578003,1.5,1.4,0.10000000000000009,0.08145,0.030000000000000027,0.05144999999999997,0.0
14.050369024276733,1.5,1.4,0.10000000000000009,0.08149999999999999,0.030000000000000027,0.05149999999999997,0.0
14.104279518127441,1.5,1.4,0.10000000000000009,0.08155,0.030000000000000027,0.05154999999999997,0.0
14.156463384628296,1.5,1.4,0.10000000000000009,0.08159999999999999,0.030000000000000027,0.051599999999999965,0.0
14.209409952163696,1.5,1.4,0.10000000000000009,0.08165,0.030000000000000027,0.05164999999999997,0.0
14.251922369003296,1.5,1.41,0.09000000000000008,0.07669499999999999,0.027000000000000024,0.05169499999999997,-0.0020000000000000018
14.304593086242676,1.5,1.41,0.09000000000000008,0.07873999999999999,0.027000000000000024,0.05173999999999997,0.0
14.357863903045654,1.5,1.41,0.09000000000000008,0.078785,0.027000000000000024,0.05178499999999997,0.0
14.410451173782349,1.5,1.41,0.09000000000000008,0.07883,0.027000000000000024,0.05182999999999997,0.0
14.452892780303955,1.5,1.41,0.09000000000000008,0.078875,0.027000000000000024,0.05187499999999998,0.0
14.505549430847168,1.5,1.41,0.09000000000000008,0.07891999999999999,0.027000000000000024,0.05191999999999997,0.0
14.557927131652832,1.5,1.41,0.09000000000000008,0.07896500000000001,0.027000000000000024,0.051964999999999976,0.0
14.600467681884766,1.5,1.41,0.09000000000000008,0.07901,0.027000000000000024,0.05200999999999998,0.0
14.653671264648438,1.5,1.41,0.09000000000000008,0.07905500000000001,0.027000000000000024,0.05205499999999998,0.0
14.706604957580566,1.5,1.41,0.09000000000000008,0.0791,0.027000000000000024,0.05209999999999998,0.0
14.760259866714478,1.5,1.41,0.09000000000000008,0.07914500000000001,0.027000000000000024,0.05214499999999998,0.0
14.803074836730957,1.5,1.41,0.09000000000000008,0.07919000000000001,0.027000000000000024,0.052189999999999986,0.0
14.85640025138855,1.5,1.41,0.09000000000000008,0.07923500000000001,0.027000000000000024,0.05223499999999999,0.0
14.908718585968018,1.5,1.41,0.09000000000000008,0.07928000000000002,0.027000000000000024,0.05227999999999999,0.0
14.951867818832397,1.5,1.42,0.08000000000000007,0.07432000000000001,0.02400000000000002,0.05231999999999999,-0.0020000000000000018
15.005138158798218,1.5,1.42,0.08000000000000007,0.07636000000000001,0.02400000000000002,0.05235999999999999,0.0
15.057616710662842,1.5,1.42,0.08000000000000007,0.07640000000000001,0.02400000000000002,0.05239999999999999,0.0
15.110160112380981,1.5,1.42,0.08000000000000007,0.07644000000000001,0.02400000000000002,0.05243999999999998,0.0
15.15225100517273,1.5,1.42,0.08000000000000007,0.07647999999999999,0.02400000000000002,0.05247999999999998,0.0
15.204962015151978,1.5,1.42,0.08000000000000007,0.07651999999999999,0.02400000000000002,0.05251999999999997,0.0
15.257544755935669,1.5,1.42,0.08000000000000007,0.07655999999999999,0.02400000000000002,0.05255999999999997,0.0
15.309701919555664,1.5,1.42,0.08000000000000007,0.07659999999999999,0.02400000000000002,0.052599999999999966,0.0
15.352025508880615,1.5,1.42,0.08000000000000007,0.07663999999999999,0.02400000000000002,0.05263999999999996,0.0
15.404684066772461,1.5,1.42,0.08000000000000007,0.07667999999999997,0.02400000000000002,0.052679999999999956,0.0
15.457693338394165,1.5,1.43,0.07000000000000006,0.07171499999999997,0.02100000000000002,0.052714999999999956,-0.0020000000000000018
15.500211238861084,1.5,1.43,0.07000000000000006,0.07374999999999997,0.02100000000000002,0.05274999999999995,0.0
15.553502559661865,1.5,1.43,0.07000000000000006,0.07378499999999996,0.02100000000000002,0.05278499999999995,0.0
15.60667371749878,1.5,1.43,0.07000000000000006,0.07381999999999997,0.02100000000000002,0.05281999999999995,0.0
15.660317182540894,1.5,1.43,0.07000000000000006,0.07385499999999996,0.02100000000000002,0.052854999999999944,0.0
15.702863931655884,1.5,1.43,0.07000000000000006,0.07388999999999996,0.02100000000000002,0.052889999999999944,0.0
15.755823135375977,1.5,1.43,0.07000000000000006,0.07392499999999996,0.02100000000000002,0.052924999999999944,0.0
15.809192419052124,1.5,1.43,0.07000000000000006,0.07395999999999997,0.02100000000000002,0.052959999999999945,0.0
15.85105586051941,1.5,1.43,0.07000000000000006,0.07399499999999995,0.02100000000000002,0.05299499999999994,0.0
15.903991937637329,1.5,1.43,0.07000000000000006,0.07402999999999996,0.02100000000000002,0.05302999999999994,0.0
15.95641827583313,1.5,1.43,0.07000000000000006,0.07406499999999996,0.02100000000000002,0.05306499999999994,0.0
16.00911855697632,1.5,1.43,0.07000000000000006,0.07409999999999994,0.02100000000000002,0.05309999999999993,0.0
16.051198482513428,1.5,1.43,0.07000000000000006,0.07413499999999995,0.02100000000000002,0.05313499999999993,0.0
16.103646993637085,1.5,1.42,0.08000000000000007,0.07917499999999997,0.02400000000000002,0.05317499999999994,0.0020000000000000018
16.15674376487732,1.5,1.42,0.08000000000000007,0.07721499999999995,0.02400000000000002,0.053214999999999936,0.0
16.209630250930786,1.5,1.42,0.08000000000000007,0.07725499999999995,0.02400000000000002,0.05325499999999993,0.0
16.252115964889526,1.5,1.42,0.08000000000000007,0.07729499999999995,0.02400000000000002,0.053294999999999926,0.0
16.30502700805664,1.5,1.42,0.08000000000000007,0.07733499999999993,0.02400000000000002,0.05333499999999992,0.0
16.358069896697998,1.5,1.42,0.08000000000000007,0.07737499999999994,0.02400000000000002,0.053374999999999916,0.0
16.400853157043457,1.5,1.42,0.08000000000000007,0.07741499999999993,0.02400000000000002,0.053414999999999914,0.0
16.45390510559082,1.5,1.42,0.08000000000000007,0.07745499999999993,0.02400000000000002,0.053454999999999905,0.0
16.507081508636475,1.5,1.42,0.08000000000000007,0.07749499999999993,0.02400000000000002,0.053494999999999904,0.0
16.559322595596313,1.5,1.42,0.08000000000000007,0.07753499999999991,0.02400000000000002,0.053534999999999895,0.0
16.602195739746094,1.5,1.42,0.08000000000000007,0.07757499999999992,0.02400000000000002,0.053574999999999894,0.0
16.65576720237732,1.5,1.43,0.07000000000000006,0.07260999999999991,0.02100000000000002,0.053609999999999894,-0.0020000000000000018
16.708667516708374,1.5,1.42,0.08000000000000007,0.07964999999999992,0.02400000000000002,0.0536499999999999,0.0020000000000000018
16.750633239746094,1.5,1.42,0.08000000000000007,0.07768999999999991,0.02400000000000002,0.05368999999999989,0.0
16.80291509628296,1.5,1.42,0.08000000000000007,0.07772999999999991,0.02400000000000002,0.05372999999999989,0.0
16.856807947158813,1.5,1.42,0.08000000000000007,0.0777699999999999,0.02400000000000002,0.05376999999999988,0.0
16.909425020217896,1.5,1.42,0.08000000000000007,0.07780999999999991,0.02400000000000002,0.05380999999999988,0.0
16.95158052444458,1.5,1.42,0.08000000000000007,0.07784999999999989,0.02400000000000002,0.05384999999999988,0.0
17.004366874694824,1.5,1.42,0.08000000000000007,0.07788999999999989,0.02400000000000002,0.05388999999999987,0.0
17.056790113449097,1.5,1.42,0.08000000000000007,0.07792999999999989,0.02400000000000002,0.05392999999999987,0.0
17.109367847442627,1.5,1.42,0.08000000000000007,0.07796999999999987,0.02400000000000002,0.05396999999999986,0.0
17.151755332946777,1.5,1.42,0.08000000000000007,0.07800999999999988,0.02400000000000002,0.05400999999999986,0.0
17.204586267471313,1.5,1.42,0.08000000000000007,0.07804999999999987,0.02400000000000002,0.054049999999999855,0.0
17.25757884979248,1.5,1.42,0.08000000000000007,0.07808999999999987,0.02400000000000002,0.05408999999999985,0.0
17.300084829330444,1.5,1.42,0.08000000000000007,0.07812999999999987,0.02400000000000002,0.054129999999999845,0.0
17.35315227508545,1.5,1.42,0.08000000000000007,0.07816999999999985,0.02400000000000002,0.054169999999999836,0.0
17.406484127044678,1.5,1.42,0.08000000000000007,0.07820999999999986,0.02400000000000002,0.054209999999999835,0.0
17.459748029708862,1.5,1.42,0.08000000000000007,0.07824999999999985,0.02400000000000002,0.05424999999999983,0.0
17.50204634666443,1.5,1.42,0.08000000000000007,0.07828999999999985,0.02400000000000002,0.054289999999999825,0.0
17.555103302001953,1.5,1.42,0.08000000000000007,0.07832999999999984,0.02400000000000002,0.05432999999999982,0.0
17.60797095298767,1.5,1.42,0.08000000000000007,0.07836999999999983,0.02400000000000002,0.054369999999999814,0.0
17.650100231170654,1.5,1.43,0.07000000000000006,0.07340499999999983,0.02100000000000002,0.054404999999999815,-0.0020000000000000018
17.702293634414673,1.5,1.43,0.07000000000000006,0.07543999999999984,0.02100000000000002,0.054439999999999815,0.0
17.75531530380249,1.5,1.42,0.08000000000000007,0.08047999999999983,0.02400000000000002,0.054479999999999806,0.0020000000000000018
17.80930185317993,1.5,1.42,0.08000000000000007,0.07851999999999983,0.02400000000000002,0.054519999999999805,0.0
17.852025985717773,1.5,1.42,0.08000000000000007,0.07855999999999982,0.02400000000000002,0.0545599999999998,0.0
17.905721187591553,1.5,1.42,0.08000000000000007,0.07859999999999981,0.02400000000000002,0.054599999999999795,0.0
17.95915699005127,1.5,1.42,0.08000000000000007,0.07863999999999982,0.02400000000000002,0.05463999999999979,0.0
18.001651525497437,1.5,1.42,0.08000000000000007,0.0786799999999998,0.02400000000000002,0.054679999999999784,0.0
18.054889678955078,1.5,1.43,0.07000000000000006,0.07371499999999981,0.02100000000000002,0.054714999999999785,-0.0020000000000000018
18.108176469802856,1.5,1.43,0.07000000000000006,0.0757499999999998,0.02100000000000002,0.054749999999999785,0.0
18.151198148727417,1.5,1.42,0.08000000000000007,0.0807899999999998,0.02400000000000002,0.05478999999999978,0.0020000000000000018
18.204256534576416,1.5,1.42,0.08000000000000007,0.07882999999999979,0.02400000000000002,0.054829999999999775,0.0
18.257822275161743,1.5,1.42,0.08000000000000007,0.0788699999999998,0.02400000000000002,0.05486999999999977,0.0
18.300379753112793,1.5,1.42,0.08000000000000007,0.07890999999999979,0.02400000000000002,0.054909999999999765,0.0
18.353316068649292,1.5,1.43,0.07000000000000006,0.07394499999999979,0.02100000000000002,0.054944999999999765,-0.0020000000000000018
18.406471967697144,1.5,1.43,0.07000000000000006,0.07597999999999978,0.02100000000000002,0.054979999999999765,0.0
18.459694862365723,1.5,1.42,0.08000000000000007,0.08101999999999979,0.02400000000000002,0.05501999999999976,0.0020000000000000018
18.503235816955566,1.5,1.42,0.08000000000000007,0.07905999999999977,0.02400000000000002,0.055059999999999755,0.0
18.55642056465149,1.5,1.42,0.08000000000000007,0.07909999999999978,0.02400000000000002,0.05509999999999975,0.0
18.609612703323364,1.5,1.42,0.08000000000000007,0.07913999999999977,0.02400000000000002,0.055139999999999745,0.0
18.65204167366028,1.5,1.42,0.08000000000000007,0.07917999999999976,0.02400000000000002,0.05517999999999974,0.0
18.704715728759766,1.5,1.42,0.08000000000000007,0.07921999999999976,0.02400000000000002,0.055219999999999735,0.0
18.757468700408936,1.5,1.42,0.08000000000000007,0.07925999999999975,0.02400000000000002,0.05525999999999973,0.0
18.800472021102905,1.5,1.42,0.08000000000000007,0.07929999999999976,0.02400000000000002,0.05529999999999973,0.0
18.8537175655365,1.5,1.42,0.08000000000000007,0.07933999999999974,0.02400000000000002,0.05533999999999972,0.0
18.907222509384155,1.5,1.42,0.08000000000000007,0.07937999999999974,0.02400000000000002,0.05537999999999972,0.0
18.960129737854004,1.5,1.42,0.08000000000000007,0.07941999999999974,0.02400000000000002,0.05541999999999971,0.0
19.003061056137085,1.5,1.42,0.08000000000000007,0.07945999999999973,0.02400000000000002,0.05545999999999971,0.0
19.05594229698181,1.5,1.43,0.07000000000000006,0.07449499999999973,0.02100000000000002,0.05549499999999971,-0.0020000000000000018
19.10860824584961,1.5,1.43,0.07000000000000006,0.07652999999999972,0.02100000000000002,0.055529999999999705,0.0
19.150990962982178,1.5,1.43,0.07000000000000006,0.07656499999999972,0.02100000000000002,0.055564999999999705,0.0
19.20348882675171,1.5,1.43,0.07000000000000006,0.07659999999999972,0.02100000000000002,0.055599999999999705,0.0
19.256653547286987,1.5,1.43,0.07000000000000006,0.07663499999999973,0.02100000000000002,0.055634999999999706,0.0
19.30972719192505,1.5,1.43,0.07000000000000006,0.07666999999999971,0.02100000000000002,0.0556699999999997,0.0
19.35244083404541,1.5,1.43,0.07000000000000006,0.07670499999999972,0.02100000000000002,0.0557049999999997,0.0
19.405205488204956,1.5,1.43,0.07000000000000006,0.07673999999999973,0.02100000000000002,0.0557399999999997,0.0
19.45734667778015,1.5,1.43,0.07000000000000006,0.0767749999999997,0.02100000000000002,0.05577499999999969,0.0
19.51033306121826,1.5,1.43,0.07000000000000006,0.07680999999999971,0.02100000000000002,0.05580999999999969,0.0
19.55179762840271,1.5,1.43,0.07000000000000006,0.07684499999999972,0.02100000000000002,0.055844999999999693,0.0
19.604241371154785,1.5,1.43,0.07000000000000006,0.07687999999999971,0.02100000000000002,0.055879999999999694,0.0
19.655667066574097,1.5,1.43,0.07000000000000006,0.0769149999999997,0.02100000000000002,0.05591499999999969,0.0
19.70818281173706,1.5,1.43,0.07000000000000006,0.07694999999999971,0.02100000000000002,0.05594999999999969,0.0
19.750710010528564,1.5,1.43,0.07000000000000006,0.0769849999999997,0.02100000000000002,0.05598499999999969,0.0
19.80444073677063,1.5,1.43,0.07000000000000006,0.0770199999999997,0.02100000000000002,0.05601999999999968,0.0
19.85686707496643,1.5,1.43,0.07000000000000006,0.07705499999999971,0.02100000000000002,0.05605499999999968,0.0
19.909326791763306,1.5,1.43,0.07000000000000006,0.0770899999999997,0.02100000000000002,0.05608999999999968,0.0
19.95161533355713,1.5,1.43,0.07000000000000006,0.0771249999999997,0.02100000000000002,0.05612499999999968,0.0
20.003918170928955,1.5,1.44,0.06000000000000005,0.07215499999999969,0.018000000000000016,0.05615499999999968,-0.0020000000000000018
20.056935787200928,1.5,1.44,0.06000000000000005,0.0741849999999997,0.018000000000000016,0.05618499999999968,0.0
20.110408067703247,1.5,1.44,0.06000000000000005,0.0742149999999997,0.018000000000000016,0.05621499999999968,0.0
20.152992010116577,1.5,1.44,0.06000000000000005,0.0742449999999997,0.018000000000000016,0.056244999999999684,0.0
20.206004858016968,1.5,1.44,0.06000000000000005,0.0742749999999997,0.018000000000000016,0.056274999999999686,0.0
20.259393215179443,1.5,1.44,0.06000000000000005,0.0743049999999997,0.018000000000000016,0.05630499999999969,0.0
20.301694631576538,1.5,1.44,0.06000000000000005,0.0743349999999997,0.018000000000000016,0.05633499999999969,0.0
20.35534691810608,1.5,1.44,0.06000000000000005,0.07436499999999971,0.018000000000000016,0.056364999999999686,0.0
20.401167631149292,1.5,1.44,0.06000000000000005,0.07439499999999971,0.018000000000000016,0.05639499999999969,0.0
20.45502519607544,1.5,1.45,0.050000000000000044,0.0694199999999997,0.015000000000000013,0.05641999999999969,-0.0020000000000000018
20.508028507232666,1.5,1.45,0.050000000000000044,0.0714449999999997,0.015000000000000013,0.0564449999999997,0.0
20.550264835357666,1.5,1.45,0.050000000000000044,0.07146999999999971,0.015000000000000013,0.0564699999999997,0.0
20.60312795639038,1.5,1.45,0.050000000000000044,0.07149499999999973,0.015000000000000013,0.056494999999999705,0.0
20.65558409690857,1.5,1.45,0.050000000000000044,0.07151999999999972,0.015000000000000013,0.05651999999999971,0.0
20.70917534828186,1.5,1.45,0.050000000000000044,0.07154499999999972,0.015000000000000013,0.056544999999999714,0.0
20.75219750404358,1.5,1.45,0.050000000000000044,0.07156999999999973,0.015000000000000013,0.05656999999999972,0.0
20.805585622787476,1.5,1.45,0.050000000000000044,0.07159499999999974,0.015000000000000013,0.05659499999999972,0.0
20.858593225479126,1.5,1.45,0.050000000000000044,0.07161999999999974,0.015000000000000013,0.056619999999999726,0.0
20.90184497833252,1.5,1.45,0.050000000000000044,0.07164499999999974,0.015000000000000013,0.05664499999999973,0.0
20.954362392425537,1.5,1.45,0.050000000000000044,0.07166999999999975,0.015000000000000013,0.056669999999999734,0.0
21.007599592208862,1.5,1.45,0.050000000000000044,0.07169499999999976,0.015000000000000013,0.05669499999999974,0.0
21.050701141357422,1.5,1.46,0.040000000000000036,0.06671499999999975,0.01200000000000001,0.05671499999999974,-0.0020000000000000018
21.104174613952637,1.5,1.46,0.040000000000000036,0.06873499999999974,0.01200000000000001,0.05673499999999973,0.0
21.15817952156067,1.5,1.46,0.040000000000000036,0.06875499999999973,0.01200000000000001,0.05675499999999973,0.0
21.200799226760864,1.5,1.46,0.040000000000000036,0.06877499999999974,0.01200000000000001,0.05677499999999973,0.0
21.254561185836792,1.5,1.46,0.040000000000000036,0.06879499999999975,0.01200000000000001,0.05679499999999973,0.0
21.307460069656372,1.5,1.46,0.040000000000000036,0.06881499999999974,0.01200000000000001,0.05681499999999973,0.0
21.35058856010437,1.5,1.46,0.040000000000000036,0.06883499999999973,0.01200000000000001,0.05683499999999972,0.0
21.403055906295776,1.5,1.46,0.040000000000000036,0.06885499999999972,0.01200000000000001,0.05685499999999972,0.0
21.456568002700806,1.5,1.46,0.040000000000000036,0.06887499999999973,0.01200000000000001,0.05687499999999972,0.0
21.510462999343872,1.5,1.46,0.040000000000000036,0.06889499999999973,0.01200000000000001,0.05689499999999972,0.0
21.552992820739746,1.5,1.46,0.040000000000000036,0.06891499999999973,0.01200000000000001,0.056914999999999716,0.0
21.60594367980957,1.5,1.46,0.040000000000000036,0.06893499999999972,0.01200000000000001,0.05693499999999971,0.0
21.659135818481445,1.5,1.46,0.040000000000000036,0.06895499999999971,0.01200000000000001,0.05695499999999971,0.0
21.70211625099182,1.5,1.46,0.040000000000000036,0.06897499999999972,0.01200000000000001,0.056974999999999706,0.0
21.75463557243347,1.5,1.46,0.040000000000000036,0.06899499999999972,0.01200000000000001,0.056994999999999706,0.0
21.808104991912842,1.5,1.46,0.040000000000000036,0.06901499999999972,0.01200000000000001,0.057014999999999705,0.0
21.85037660598755,1.5,1.46,0.040000000000000036,0.06903499999999971,0.01200000000000001,0.0570349999999997,0.0
21.903114557266235,1.5,1.47,0.030000000000000027,0.0640499999999997,0.009000000000000008,0.0570499999999997,-0.0020000000000000018
21.9557843208313,1.5,1.47,0.030000000000000027,0.06606499999999971,0.009000000000000008,0.0570649999999997,0.0
22.00937843322754,1.5,1.46,0.040000000000000036,0.0710849999999997,0.01200000000000001,0.0570849999999997,0.0020000000000000018
22.051722526550293,1.5,1.46,0.040000000000000036,0.06910499999999971,0.01200000000000001,0.0571049999999997,0.0
22.1044921875,1.5,1.46,0.040000000000000036,0.06912499999999971,0.01200000000000001,0.0571249999999997,0.0
22.157258987426758,1.5,1.46,0.040000000000000036,0.0691449999999997,0.01200000000000001,0.05714499999999969,0.0
22.209871768951416,1.5,1.46,0.040000000000000036,0.0691649999999997,0.01200000000000001,0.05716499999999969,0.0
22.252623081207275,1.5,1.46,0.040000000000000036,0.06918499999999969,0.01200000000000001,0.05718499999999969,0.0
22.306098699569702,1.5,1.46,0.040000000000000036,0.0692049999999997,0.01200000000000001,0.05720499999999969,0.0
22.359460830688477,1.5,1.46,0.040000000000000036,0.0692249999999997,0.01200000000000001,0.057224999999999686,0.0
22.4024920463562,1.5,1.46,0.040000000000000036,0.0692449999999997,0.01200000000000001,0.05724499999999968,0.0
22.45577383041382,1.5,1.46,0.040000000000000036,0.06926499999999969,0.01200000000000001,0.05726499999999968,0.0
22.509177923202515,1.5,1.46,0.040000000000000036,0.06928499999999968,0.01200000000000001,0.057284999999999676,0.0
22.55149745941162,1.5,1.46,0.040000000000000036,0.06930499999999969,0.01200000000000001,0.057304999999999676,0.0
22.604137897491455,1.5,1.47,0.030000000000000027,0.06431999999999968,0.009000000000000008,0.05731999999999968,-0.0020000000000000018
22.65671420097351,1.5,1.47,0.030000000000000027,0.06633499999999969,0.009000000000000008,0.05733499999999968,0.0
22.709775924682617,1.5,1.47,0.030000000000000027,0.06634999999999969,0.009000000000000008,0.05734999999999968,0.0
22.7536461353302,1.5,1.47,0.030000000000000027,0.06636499999999967,0.009000000000000008,0.05736499999999967,0.0
22.806949377059937,1.5,1.47,0.030000000000000027,0.06637999999999969,0.009000000000000008,0.057379999999999674,0.0
22.85001564025879,1.5,1.47,0.030000000000000027,0.06639499999999968,0.009000000000000008,0.057394999999999675,0.0
22.903371810913086,1.5,1.47,0.030000000000000027,0.06640999999999969,0.009000000000000008,0.05740999999999968,0.0
22.956395387649536,1.5,1.47,0.030000000000000027,0.06642499999999968,0.009000000000000008,0.05742499999999968,0.0
23.008723974227905,1.5,1.47,0.030000000000000027,0.0664399999999997,0.009000000000000008,0.05743999999999968,0.0
23.050996780395508,1.5,1.47,0.030000000000000027,0.06645499999999968,0.009000000000000008,0.05745499999999968,0.0
23.10429835319519,1.5,1.47,0.030000000000000027,0.0664699999999997,0.009000000000000008,0.05746999999999968,0.0
23.156617879867554,1.5,1.47,0.030000000000000027,0.06648499999999968,0.009000000000000008,0.05748499999999968,0.0
23.21015977859497,1.5,1.47,0.030000000000000027,0.0664999999999997,0.009000000000000008,0.05749999999999968,0.0
23.252938270568848,1.5,1.47,0.030000000000000027,0.06651499999999969,0.009000000000000008,0.057514999999999684,0.0
23.305755376815796,1.5,1.47,0.030000000000000027,0.0665299999999997,0.009000000000000008,0.057529999999999686,0.0
23.35810112953186,1.5,1.47,0.030000000000000027,0.06654499999999969,0.009000000000000008,0.05754499999999968,0.0
23.400461673736572,1.5,1.46,0.040000000000000036,0.07156499999999968,0.01200000000000001,0.05756499999999968,0.0020000000000000018
23.453600883483887,1.5,1.46,0.040000000000000036,0.06958499999999969,0.01200000000000001,0.05758499999999968,0.0
23.50605034828186,1.5,1.47,0.030000000000000027,0.06459999999999969,0.009000000000000008,0.05759999999999968,-0.0020000000000000018
23.5593159198761,1.5,1.47,0.030000000000000027,0.06661499999999969,0.009000000000000008,0.05761499999999968,0.0
23.60121774673462,1.5,1.47,0.030000000000000027,0.06662999999999969,0.009000000000000008,0.05762999999999968,0.0
23.653621912002563,1.5,1.47,0.030000000000000027,0.06664499999999969,0.009000000000000008,0.05764499999999968,0.0
23.705835342407227,1.5,1.46,0.040000000000000036,0.0716649999999997,0.01200000000000001,0.05766499999999968,0.0020000000000000018
23.758793115615845,1.5,1.46,0.040000000000000036,0.06968499999999969,0.01200000000000001,0.057684999999999674,0.0
23.801050901412964,1.5,1.46,0.040000000000000036,0.06970499999999968,0.01200000000000001,0.05770499999999967,0.0
23.853944301605225,1.5,1.46,0.040000000000000036,0.06972499999999968,0.01200000000000001,0.05772499999999967,0.0
23.90677261352539,1.5,1.46,0.040000000000000036,0.06974499999999968,0.01200000000000001,0.05774499999999967,0.0
23.958890199661255,1.5,1.46,0.040000000000000036,0.06976499999999969,0.01200000000000001,0.05776499999999967,0.0
24.000894784927368,1.5,1.46,0.040000000000000036,0.06978499999999968,0.01200000000000001,0.05778499999999966,0.0
24.053284168243408,1.5,1.46,0.040000000000000036,0.06980499999999967,0.01200000000000001,0.05780499999999966,0.0
24.10612678527832,1.5,1.46,0.040000000000000036,0.06982499999999967,0.01200000000000001,0.05782499999999966,0.0
24.15937638282776,1.5,1.46,0.040000000000000036,0.06984499999999967,0.01200000000000001,0.05784499999999966,0.0
24.201852321624756,1.5,1.46,0.040000000000000036,0.06986499999999968,0.01200000000000001,0.05786499999999966,0.0
24.254830598831177,1.5,1.46,0.040000000000000036,0.06988499999999967,0.01200000000000001,0.05788499999999965,0.0
24.30824112892151,1.5,1.45,0.050000000000000044,0.07490999999999967,0.015000000000000013,0.057909999999999656,0.0020000000000000018
24.35114812850952,1.5,1.45,0.050000000000000044,0.07293499999999967,0.015000000000000013,0.05793499999999966,0.0
24.404141664505005,1.5,1.45,0.050000000000000044,0.07295999999999968,0.015000000000000013,0.057959999999999665,0.0
24.457579612731934,1.5,1.45,0.050000000000000044,0.07298499999999969,0.015000000000000013,0.05798499999999967,0.0
24.510353565216064,1.5,1.45,0.050000000000000044,0.07300999999999969,0.015000000000000013,0.05800999999999967,0.0
24.55319857597351,1.5,1.45,0.050000000000000044,0.07303499999999968,0.015000000000000013,0.05803499999999968,0.0
24.606261253356934,1.5,1.45,0.050000000000000044,0.0730599999999997,0.015000000000000013,0.05805999999999968,0.0
24.659705638885498,1.5,1.45,0.050000000000000044,0.0730849999999997,0.015000000000000013,0.058084999999999685,0.0
24.703035354614258,1.5,1.45,0.050000000000000044,0.0731099999999997,0.015000000000000013,0.05810999999999969,0.0
24.756353855133057,1.5,1.45,0.050000000000000044,0.0731349999999997,0.015000000000000013,0.058134999999999694,0.0
24.80962586402893,1.5,1.45,0.050000000000000044,0.07315999999999971,0.015000000000000013,0.0581599999999997,0.0
24.852537631988525,1.5,1.45,0.050000000000000044,0.07318499999999972,0.015000000000000013,0.0581849999999997,0.0
24.905667066574097,1.5,1.45,0.050000000000000044,0.07320999999999972,0.015000000000000013,0.058209999999999706,0.0
24.95901894569397,1.5,1.45,0.050000000000000044,0.07323499999999972,0.015000000000000013,0.05823499999999971,0.0
25.001594305038452,1.5,1.45,0.050000000000000044,0.07325999999999973,0.015000000000000013,0.058259999999999715,0.0
25.05535364151001,1.5,1.45,0.050000000000000044,0.07328499999999974,0.015000000000000013,0.05828499999999972,0.0
25.108755826950073,1.5,1.45,0.050000000000000044,0.07330999999999974,0.015000000000000013,0.05830999999999972,0.0
25.152227640151978,1.5,1.45,0.050000000000000044,0.07333499999999973,0.015000000000000013,0.05833499999999973,0.0
25.2061128616333,1.5,1.45,0.050000000000000044,0.07335999999999974,0.015000000000000013,0.05835999999999973,0.0
25.258976936340332,1.5,1.45,0.050000000000000044,0.07338499999999976,0.015000000000000013,0.058384999999999736,0.0
25.302649974822998,1.5,1.45,0.050000000000000044,0.07340999999999975,0.015000000000000013,0.05840999999999974,0.0
25.356783151626587,1.5,1.45,0.050000000000000044,0.07343499999999975,0.015000000000000013,0.05843499999999974,0.0
25.409947633743286,1.5,1.44,0.06000000000000005,0.07846499999999976,0.018000000000000016,0.05846499999999974,0.0020000000000000018
25.452861785888672,1.5,1.44,0.06000000000000005,0.07649499999999976,0.018000000000000016,0.05849499999999974,0.0
25.506455898284912,1.5,1.44,0.06000000000000005,0.07652499999999976,0.018000000000000016,0.058524999999999744,0.0
25.559685230255127,1.5,1.44,0.06000000000000005,0.07655499999999976,0.018000000000000016,0.058554999999999746,0.0
25.603321313858032,1.5,1.44,0.06000000000000005,0.07658499999999976,0.018000000000000016,0.05858499999999975,0.0
25.656376838684082,1.5,1.44,0.06000000000000005,0.07661499999999977,0.018000000000000016,0.05861499999999975,0.0
25.700726747512817,1.5,1.44,0.06000000000000005,0.07664499999999977,0.018000000000000016,0.058644999999999746,0.0
25.753862380981445,1.5,1.44,0.06000000000000005,0.07667499999999977,0.018000000000000016,0.05867499999999975,0.0
25.808027029037476,1.5,1.45,0.050000000000000044,0.07169999999999976,0.015000000000000013,0.05869999999999975,-0.0020000000000000018
25.851334810256958,1.5,1.45,0.050000000000000044,0.07372499999999976,0.015000000000000013,0.05872499999999976,0.0
25.904145002365112,1.5,1.44,0.06000000000000005,0.07875499999999977,0.018000000000000016,0.05875499999999976,0.0020000000000000018
25.958810567855835,1.5,1.44,0.06000000000000005,0.07678499999999977,0.018000000000000016,0.05878499999999976,0.0
26.001110792160034,1.5,1.44,0.06000000000000005,0.07681499999999977,0.018000000000000016,0.05881499999999976,0.0
26.05427861213684,1.5,1.44,0.06000000000000005,0.07684499999999977,0.018000000000000016,0.05884499999999976,0.0
26.10857367515564,1.5,1.44,0.06000000000000005,0.07687499999999978,0.018000000000000016,0.05887499999999976,0.0
26.151501893997192,1.5,1.44,0.06000000000000005,0.07690499999999978,0.018000000000000016,0.05890499999999976,0.0
26.20459270477295,1.5,1.44,0.06000000000000005,0.07693499999999978,0.018000000000000016,0.058934999999999765,0.0
26.2573721408844,1.5,1.44,0.06000000000000005,0.07696499999999978,0.018000000000000016,0.05896499999999977,0.0
26.3100905418396,1.5,1.45,0.050000000000000044,0.07198999999999978,0.015000000000000013,0.05898999999999977,-0.0020000000000000018
26.3531436920166,1.5,1.45,0.050000000000000044,0.07401499999999979,0.015000000000000013,0.059014999999999776,0.0
26.406596183776855,1.5,1.45,0.050000000000000044,0.0740399999999998,0.015000000000000013,0.05903999999999978,0.0
26.45035457611084,1.5,1.45,0.050000000000000044,0.0740649999999998,0.015000000000000013,0.059064999999999784,0.0
26.503318309783936,1.5,1.45,0.050000000000000044,0.0740899999999998,0.015000000000000013,0.05908999999999979,0.0
26.556453227996826,1.5,1.45,0.050000000000000044,0.0741149999999998,0.015000000000000013,0.05911499999999979,0.0
26.601478338241577,1.5,1.45,0.050000000000000044,0.07413999999999982,0.015000000000000013,0.0591399999999998,0.0
26.656129598617554,1.5,1.45,0.050000000000000044,0.07416499999999981,0.015000000000000013,0.0591649999999998,0.0
26.70992422103882,1.5,1.45,0.050000000000000044,0.07418999999999981,0.015000000000000013,0.0591899999999998,0.0
26.75261878967285,1.5,1.45,0.050000000000000044,0.07421499999999981,0.015000000000000013,0.0592149999999998,0.0
26.805963277816772,1.5,1.45,0.050000000000000044,0.07423999999999982,0.015000000000000013,0.05923999999999981,0.0
26.858894109725952,1.5,1.46,0.040000000000000036,0.06925999999999982,0.01200000000000001,0.059259999999999806,-0.0020000000000000018
26.901671886444092,1.5,1.46,0.040000000000000036,0.07127999999999982,0.01200000000000001,0.059279999999999805,0.0
26.954829692840576,1.5,1.46,0.040000000000000036,0.07129999999999981,0.01200000000000001,0.059299999999999804,0.0
27.008803129196167,1.5,1.46,0.040000000000000036,0.07131999999999981,0.01200000000000001,0.0593199999999998,0.0
27.051480770111084,1.5,1.46,0.040000000000000036,0.0713399999999998,0.01200000000000001,0.059339999999999796,0.0
27.104934215545654,1.5,1.46,0.040000000000000036,0.07135999999999981,0.01200000000000001,0.059359999999999795,0.0
27.157886266708374,1.5,1.46,0.040000000000000036,0.0713799999999998,0.01200000000000001,0.059379999999999794,0.0
27.200615167617798,1.5,1.46,0.040000000000000036,0.0713999999999998,0.01200000000000001,0.05939999999999979,0.0
27.25405502319336,1.5,1.47,0.030000000000000027,0.06641499999999981,0.009000000000000008,0.059414999999999794,-0.0020000000000000018
27.308310985565186,1.5,1.47,0.030000000000000027,0.0684299999999998,0.009000000000000008,0.059429999999999795,0.0
27.35240650177002,1.5,1.47,0.030000000000000027,0.06844499999999981,0.009000000000000008,0.0594449999999998,0.0
27.406289100646973,1.5,1.47,0.030000000000000027,0.0684599999999998,0.009000000000000008,0.05945999999999979,0.0
27.450144052505493,1.5,1.47,0.030000000000000027,0.0684749999999998,0.009000000000000008,0.05947499999999979,0.0
27.504127740859985,1.5,1.47,0.030000000000000027,0.0684899999999998,0.009000000000000008,0.05948999999999979,0.0
27.557827711105347,1.5,1.47,0.030000000000000027,0.0685049999999998,0.009000000000000008,0.059504999999999794,0.0
27.6012179851532,1.5,1.47,0.030000000000000027,0.0685199999999998,0.009000000000000008,0.059519999999999795,0.0
27.654906272888184,1.5,1.47,0.030000000000000027,0.0685349999999998,0.009000000000000008,0.059534999999999796,0.0
27.708154678344727,1.5,1.47,0.030000000000000027,0.0685499999999998,0.009000000000000008,0.0595499999999998,0.0
27.750877380371094,1.5,1.47,0.030000000000000027,0.0685649999999998,0.009000000000000008,0.0595649999999998,0.0
27.804793119430542,1.5,1.47,0.030000000000000027,0.06857999999999981,0.009000000000000008,0.0595799999999998,0.0
27.85843849182129,1.5,1.47,0.030000000000000027,0.06859499999999981,0.009000000000000008,0.0595949999999998,0.0
27.901188373565674,1.5,1.47,0.030000000000000027,0.06860999999999981,0.009000000000000008,0.0596099999999998,0.0
27.954041242599487,1.5,1.47,0.030000000000000027,0.06862499999999981,0.009000000000000008,0.0596249999999998,0.0
28.007442235946655,1.5,1.47,0.030000000000000027,0.06863999999999981,0.009000000000000008,0.059639999999999804,0.0
28.06005096435547,1.5,1.48,0.020000000000000018,0.06364999999999982,0.006000000000000005,0.05964999999999981,-0.0020000000000000018
28.103484869003296,1.5,1.48,0.020000000000000018,0.06565999999999982,0.006000000000000005,0.05965999999999981,0.0
28.156688451766968,1.5,1.47,0.030000000000000027,0.07067499999999982,0.009000000000000008,0.05967499999999981,0.0020000000000000018
28.20954966545105,1.5,1.47,0.030000000000000027,0.0686899999999998,0.009000000000000008,0.059689999999999806,0.0
28.252824544906616,1.5,1.47,0.030000000000000027,0.06870499999999982,0.009000000000000008,0.05970499999999981,0.0
28.305288314819336,1.5,1.47,0.030000000000000027,0.06871999999999981,0.009000000000000008,0.05971999999999981,0.0
28.358409643173218,1.5,1.48,0.020000000000000018,0.06372999999999981,0.006000000000000005,0.05972999999999981,-0.0020000000000000018
28.400875568389893,1.5,1.48,0.020000000000000018,0.06573999999999983,0.006000000000000005,0.059739999999999814,0.0
28.454469680786133,1.5,1.48,0.020000000000000018,0.06574999999999982,0.006000000000000005,0.05974999999999982,0.0
28.507661819458008,1.5,1.48,0.020000000000000018,0.06575999999999982,0.006000000000000005,0.05975999999999982,0.0
28.55011749267578,1.5,1.48,0.020000000000000018,0.06576999999999983,0.006000000000000005,0.05976999999999982,0.0
28.602815628051758,1.5,1.48,0.020000000000000018,0.06577999999999984,0.006000000000000005,0.05977999999999983,0.0
28.656975746154785,1.5,1.48,0.020000000000000018,0.06578999999999985,0.006000000000000005,0.059789999999999836,0.0
28.71037268638611,1.5,1.48,0.020000000000000018,0.06579999999999984,0.006000000000000005,0.05979999999999984,0.0
28.755876064300537,1.5,1.48,0.020000000000000018,0.06580999999999984,0.006000000000000005,0.05980999999999984,0.0
28.8100528717041,1.5,1.49,0.010000000000000009,0.06081499999999984,0.0030000000000000027,0.05981499999999984,-0.0020000000000000018
28.853779315948486,1.5,1.49,0.010000000000000009,0.06281999999999983,0.0030000000000000027,0.05981999999999983,0.0
28.9072527885437,1.5,1.48,0.020000000000000018,0.06782999999999983,0.006000000000000005,0.059829999999999835,0.0020000000000000018
28.950899362564087,1.5,1.48,0.020000000000000018,0.06583999999999984,0.006000000000000005,0.05983999999999984,0.0
29.004406213760376,1.5,1.49,0.010000000000000009,0.060844999999999844,0.0030000000000000027,0.059844999999999836,-0.0020000000000000018
29.057846784591675,1.5,1.49,0.010000000000000009,0.06284999999999984,0.0030000000000000027,0.059849999999999834,0.0
29.101478815078735,1.5,1.49,0.010000000000000009,0.06285499999999983,0.0030000000000000027,0.05985499999999983,0.0
29.15593981742859,1.5,1.49,0.010000000000000009,0.06285999999999983,0.0030000000000000027,0.05985999999999983,0.0
29.20898461341858,1.5,1.5,0.0,0.05785999999999983,0.0,0.05985999999999983,-0.0020000000000000018
29.251872539520264,1.5,1.5,0.0,0.05985999999999983,0.0,0.05985999999999983,0.0
29.30479884147644,1.5,1.5,0.0,0.05985999999999983,0.0,0.05985999999999983,0.0
29.358134746551514,1.5,1.49,0.010000000000000009,0.06486499999999984,0.0030000000000000027,0.05986499999999983,0.0020000000000000018
29.401677131652832,1.5,1.49,0.010000000000000009,0.06286999999999983,0.0030000000000000027,0.059869999999999826,0.0
29.456558227539062,1.5,1.5,0.0,0.057869999999999824,0.0,0.059869999999999826,-0.0020000000000000018
29.509477376937866,1.5,1.5,0.0,0.059869999999999826,0.0,0.059869999999999826,0.0
29.55277967453003,1.5,1.5,0.0,0.059869999999999826,0.0,0.059869999999999826,0.0
29.606698274612427,1.5,1.5,0.0,0.059869999999999826,0.0,0.059869999999999826,0.0
29.66024422645569,1.5,1.5,0.0,0.059869999999999826,0.0,0.059869999999999826,0.0
29.704097032546997,1.5,1.5,0.0,0.059869999999999826,0.0,0.059869999999999826,0.0
29.757466316223145,1.5,1.51,-0.010000000000000009,0.054864999999999824,-0.0030000000000000027,0.05986499999999983,-0.0020000000000000018
29.800692081451416,1.5,1.51,-0.010000000000000009,0.05685999999999983,-0.0030000000000000027,0.05985999999999983,0.0
29.85439944267273,1.5,1.51,-0.010000000000000009,0.05685499999999983,-0.0030000000000000027,0.05985499999999983,0.0
29.90842080116272,1.5,1.51,-0.010000000000000009,0.05684999999999983,-0.0030000000000000027,0.059849999999999834,0.0
29.951124906539917,1.5,1.51,-0.010000000000000009,0.05684499999999983,-0.0030000000000000027,0.059844999999999836,0.0
