time,cycle,x_ref,y_ref,z_ref,x_meas,y_meas,z_meas,vx_cmd,vy_cmd,vz_cmd
1.33514404296875e-05,0,0.0,0.29999999999736093,1.5000016777914869,0.20285587704528185,0.013885471790289148,1.4520843819327984,-0.3,0.3,0.07187594378803264
0.05345010757446289,0,0.0,0.29995770607732397,1.5067164229672545,0.19953971418727764,0.011797138466049989,1.4530699083873713,-0.29930957128091645,0.3,0.08046977186982485
0.10088253021240234,0,0.0,0.2998493439474794,1.5126751504407432,0.19376017307380886,0.008962011720100006,1.4589059738033205,-0.29064025961071327,0.3,0.08065376495613397
0.15149879455566406,0,0.0,0.2996602751035658,1.5190307131812526,0.19051637126212587,0.008255967396362111,1.4601385549474555,-0.2857745568931888,0.3,0.08833823735069568
0.21001362800598145,0,0.0,0.2993472777590375,1.5263719480004763,0.18136740931569525,0.009812109914774098,1.4653822196050845,-0.27205111397354287,0.3,0.09148459259308761
0.25717830657958984,0,0.0,0.29902135900013577,1.5322828296078244,0.18136740931569525,0.009812109914774098,1.4653822196050845,-0.27205111397354287,0.3,0.10035091500410975
0.30699682235717773,0,0.0,0.2986058095773106,1.5385185781825732,0.1749588938745583,0.013103294102055907,1.462705557224345,-0.2624383408118374,0.3,0.11371953143734226
0.35530757904052734,0,0.0,0.29813298001020605,1.5445566053012532,0.1724533691574477,0.016074332580264278,1.4657864516146122,-0.25868005373617153,0.3,0.11815523052996146
0.4174518585205078,0,0.0,0.29742379008689196,1.552308301280405,0.16704137247582612,0.02365149311069931,1.4690718623353074,-0.25056205871373916,0.3,0.12485465841764654
0.4702122211456299,0,0.0,0.2967327005920389,1.5588739429154324,0.1612278349963495,0.033615261162633935,1.4707072305661693,-0.24184175249452422,0.3,0.13225006852389465
0.5192062854766846,0,0.0,0.296017940268257,1.5649564509065865,0.15791002418801603,0.03878902423182638,1.4709198169728348,-0.23686503628202404,0.3,0.14105495090062758
0.5727007389068604,0,0.0,0.2951574442195905,1.5715800483904008,0.1506521377938745,0.04985818362962633,1.474596504664763,-0.22597820669081176,0.3,0.1454753155884565
0.6213126182556152,0,0.0,0.29430318594135535,1.5775816100175868,0.146523738756831,0.055786961278312716,1.475644704240515,-0.2197856081352465,0.3,0.15290535866560773
0.6761209964752197,0,0.0,0.29325772650077986,1.5843264118118137,0.13721215131118522,0.06845818087132806,1.4773041189068263,-0.20581822696677782,0.3,0.160533439357481
0.7257349491119385,0,0.0,0.29223636765197253,1.5904104755147923,0.13236897128799072,0.07509548198763992,1.4802537096298694,-0.19855345693198606,0.3,0.16523514882738444
0.7777745723724365,0,0.0,0.29108879096782114,1.596768367401677,0.12121975222794489,0.08923004064995298,1.4863354190190365,-0.18182962834191732,0.3,0.16564942257396076
0.836754560470581,0,0.0,0.28969412611951323,1.6039428329364136,0.1084589227399008,0.10425684442923192,1.4931215264794282,-0.1626883841098512,0.278155922535422,0.1662319596854781
0.8901379108428955,0,0.0,0.2883460392282455,1.6104058103252268,0.10168913855100953,0.11202929720759117,1.4971885455628526,-0.1525337078265143,0.2644751130309815,0.16982589714356122
0.9402191638946533,0,0.0,0.2870076032285486,1.6164408152114982,0.08681100263959415,0.12645542306526442,1.5012881632152917,-0.13021650395939122,0.2408282702449263,0.17272897799430975
0.9890568256378174,0,0.0,0.2856339789820127,1.6222982151293623,0.07918975013686977,0.13363870822230658,1.5058296430175622,-0.11878462520530465,0.2279929061395592,0.17470285816770026
1.040602207183838,0,0.0,0.28411127071673425,1.62844911384477,0.06305697076441007,0.14834590201825743,1.511046651417343,-0.0945854561466151,0.20364805304771524,0.17610369364114054
1.0933382511138916,0,0.0,0.28247629068025354,1.6347072229591926,0.05493491461087553,0.1560349554298246,1.5191660011871058,-0.0824023719163133,0.18966200287564342,0.17331183265813022
1.1465723514556885,0,0.0,0.2807472359565812,1.640986930853669,0.03742788133680388,0.1696213394572623,1.5246012565422136,-0.056141822005205816,0.16668884474897833,0.17457851146718328
1.1932976245880127,0,0.0,0.2791648656454577,1.6464663953215726,0.01977530744825274,0.18293137385147068,1.5332437996511965,-0.02966296117237911,0.14435023769098057,0.1698338935055641
1.2306082248687744,0,0.0,0.27785811653819026,1.6508191975628772,0.010525225883636137,0.18949180395788912,1.5380346772982931,-0.015787838825454207,0.13254946887045171,0.16917678039687611
1.2782907485961914,0,0.0,0.27613256202182807,1.6563517867787538,0.0014247951876238635,0.19546497416554287,1.5417882714051316,-0.002137192781435795,0.12100138178442779,0.1718452730604333
1.3180315494537354,0,0.0,0.27464704732488493,1.6609361468725197,-0.00776800651847563,0.20211485526644163,1.5518965295712546,0.011652009777713444,0.10879828808766495,0.16355942595189765
1.3697357177734375,0,0.0,0.2726502962049614,1.666862903030385,-0.026191039548029572,0.21279364011863527,1.5541952263259207,0.03928655932204436,0.08978498412948918,0.16900151505669647
1.4198732376098633,0,0.0,0.2706453422330757,1.6725680476542069,-0.03536456231159922,0.2182604033856021,1.5575642834333392,0.05304684346739883,0.07857740827121037,0.1725056463313015
1.4721081256866455,0,0.0,0.2684851064272158,1.6784662937451795,-0.05282042353675965,0.22825085306520687,1.5637037493475612,0.07923063530513948,0.06035138004301338,0.17214381659642752
1.5214357376098633,0,0.0,0.26637871945650793,1.6839921632181885,-0.06164339076244235,0.2331057880766379,1.5703425756721126,0.09246508614366353,0.049909397069805045,0.17047438131911385
1.5645027160644531,0,0.0,0.26448735008205915,1.6887806093929978,-0.07903066982618571,0.24056162343305507,1.5777147395200213,0.11854600473927857,0.03588858997350612,0.16659880480946476
1.6094353199005127,0,0.0,0.26246244641391836,1.6937396384494567,-0.0869426613389599,0.24432435070124758,1.5827512215796613,0.13041399200843987,0.027207143569006165,0.16648262530469315
1.6592235565185547,0,0.0,0.26015765883689795,1.6991894354561525,-0.09535511746432773,0.2474666828624245,1.586420801610151,0.1430326761964916,0.0190364639617102,0.16915295076900216
1.705873966217041,0,0.0,0.2579403590518958,1.7042515711227118,-0.11024738305384527,0.2516947238624477,1.5900576677055975,0.16537107458076789,0.009368452784172143,0.17129085512567133
1.7650320529937744,0,0.0,0.25504895640310077,1.7106077125851198,-0.12435513975565646,0.2564393533771054,1.6002635804167569,0.18653270963348467,-0.0020855954610069227,0.16551619825254438
1.8229331970214844,0,0.0,0.25213367608535664,1.7167583780615723,-0.13105993644154593,0.2580203063146065,1.6050462839831272,0.1965899046623189,-0.008829945343874768,0.1675681411176676
1.8798224925994873,0,0.0,0.24918808572124235,1.7227317187792734,-0.14353823721581546,0.2607049391305813,1.613392356937282,0.21530735582372318,-0.017275280114008418,0.16400904276298733
1.9325039386749268,0,0.0,0.2463893662605428,1.7281998352077623,-0.155389148318968,0.26399291642570605,1.6281034369346867,0.233083722478452,-0.02640532524774486,0.1501445974096134
1.9853835105895996,0,0.0,0.2435122529936251,1.7336256555240788,-0.16022366506299718,0.2647498672875829,1.6301093595176286,0.24033549759449577,-0.031856421440936644,0.15527444400967527
2.0246357917785645,0,0.0,0.24133308269176948,1.73761160913834,-0.16950388438996164,0.26695102613157073,1.6428535770433197,0.25425582658494245,-0.03842691515970188,0.14213704814253048
2.068833827972412,0,0.0,0.23883543057938597,1.742056511675212,-0.1734180743020874,0.26760594921277225,1.6487163864023255,0.26012711145313105,-0.043155777950079424,0.14001018790932973
2.153646469116211,0,0.0,0.2339140904654514,1.750454514057838,-0.1800762169143782,0.26709937983712584,1.6576780447087807,0.2701143253715673,-0.04977793405751167,0.13916470402358605
2.187668800354004,0,0.0,0.23189304308283762,1.7537737104667375,-0.18548926948844235,0.2658520020975323,1.6707531979652641,0.27823390423266353,-0.05093843852204201,0.12453076875221003
2.2194738388061523,0,0.0,0.22997974790467185,1.7568503777297544,-0.18786230353184066,0.2656661481511325,1.6801993722772162,0.281793455297761,-0.053529600369690955,0.11497650817880734
2.2746379375457764,0,0.0,0.2266069068214633,1.7621257027740143,-0.18947685306668458,0.26543471767164983,1.6878600552488152,0.28421527960002685,-0.058241716275279784,0.11139847128779856
2.3170583248138428,0,0.0,0.22396689740140946,1.7661288872988226,-0.1903603550778647,0.26461346266080393,1.6941544266957007,0.285540532616797,-0.06096984788909171,0.10796169090468277
2.3690624237060547,0,0.0,0.22067622854097133,1.7709719203392214,-0.19114995620982958,0.2631291245021137,1.7082189806682222,0.2867249343147444,-0.06367934394171353,0.09412940950649873
2.4171605110168457,0,0.0,0.21758027009291933,1.7753868424720793,-0.1905325028080062,0.26218066993951333,1.7157615216749553,0.2857987542120093,-0.066900599769891,0.08943798119568602
2.4740264415740967,0,0.0,0.21385591519796476,1.7805253723041532,-0.18794914270401214,0.2590156174844093,1.7288357012563613,0.28192371405601824,-0.06773955342966684,0.07753450657168781
2.530259847640991,0,0.0,0.2101058650070587,1.785518710777064,-0.18321981650415461,0.2555990665053348,1.7454188808139672,0.2748297247562319,-0.06823980224741419,0.0601497449446452
2.578907012939453,0,0.0,0.2068087780083034,1.7897665860307792,-0.17989613686341266,0.254518245829639,1.7552977853437144,0.269844205295119,-0.07156420173200338,0.05170320103059722
2.6306068897247314,0,0.0,0.2032518648247955,1.7942068190016995,-0.17147573907832905,0.25164549019361515,1.7731682476362145,0.2572136086174936,-0.0725904380532295,0.031557857048227556
2.6806085109710693,0,0.0,0.19976077625222455,1.7984273811420532,-0.1660181389206258,0.24948227158462744,1.776636432887379,0.24902720838093872,-0.07458224299860433,0.03268642238201147
2.7330269813537598,0,0.0,0.1960480370027134,1.802772865912923,-0.15427507567254858,0.2471946827515116,1.7987072484345852,0.23141261350882286,-0.07671996862319731,0.0060984262175066695
2.781456232070923,0,0.0,0.19257057720429394,1.806714699992478,-0.14654360327252033,0.2440188497042659,1.794518964229921,0.2198154049087805,-0.07717240874995795,0.018293603643835255
2.8340625762939453,0,0.0,0.18874269948429137,1.8109160469505339,-0.13192870452775057,0.24100912576501857,1.8181118300069274,0.19789305679162586,-0.0783996394210908,-0.010793674584590351
2.881246328353882,0,0.0,0.1852655093882488,1.8146121168285028,-0.1234260426881488,0.2386505976350969,1.8252462476778921,0.1851390640322232,-0.08007763237027218,-0.015951196274084034
2.9347996711730957,0,0.0,0.18126963551093547,1.8187233401256613,-0.10509243082852898,0.23316507250931978,1.8303010042523415,0.15763864624279347,-0.07784315549757646,-0.017366496190020397
2.9792320728302,0,0.0,0.17791532537694926,1.8220659338872895,-0.09567094890018739,0.2307698789014366,1.8361658767939035,0.14350642335028108,-0.07928183028673101,-0.021149914359920974
3.0285353660583496,0,0.0,0.17415275310673548,1.8257014818247448,-0.075785073002046,0.22588081895266565,1.8521189981278279,0.11367760950306899,-0.07759209876889527,-0.03962627445462463
3.0728609561920166,0,0.0,0.17073436112960502,1.828903303397932,-0.06524045139441198,0.2236847150920619,1.8615142956651929,0.09786067709161797,-0.0794255309436853,-0.048916488400891245
3.120962619781494,0,0.0,0.16698732168047167,1.8323057077063098,-0.054489279204654906,0.2223039783871926,1.8737714038477655,0.08173391880698236,-0.08297498506008139,-0.062198544212183515
3.1694602966308594,0,0.0,0.16317083116271763,1.835659297787816,-0.030487893065208688,0.21513848553675413,1.8647721358773492,0.04573183959781303,-0.07795148156105475,-0.04366925713430003
3.2168188095092773,0,0.0,0.15940742668612257,1.8388589278867364,-0.007571493717809528,0.2167735775485691,1.8808151057068092,0.011357240576714292,-0.0860492262936698,-0.06293426673010916
3.2706542015075684,0,0.0,0.1550865211187271,1.8424050128586598,0.0048463003511279076,0.21765235793093135,1.8889716006564585,-0.007269450526691861,-0.09384875521830639,-0.06984988169669815
3.3131103515625,0,0.0,0.1516475810509704,1.8451325314816245,0.017499758544857857,0.21884506232129347,1.8959580019928195,-0.026249637817286786,-0.10079622190548461,-0.07623820576679252
3.3621153831481934,0,0.0,0.1476446811568153,1.8482044051699196,0.04285535302364494,0.2213600470887581,1.8925594447557645,-0.06428302953546741,-0.11057304889791417,-0.06653255937876745
3.4018523693084717,0,0.0,0.14437309066209197,1.850634753155348,0.05629977308145123,0.22467303131671887,1.9043894053598878,-0.08444965962217685,-0.12044991098194034,-0.08063197830680968
3.4506819248199463,0,0.0,0.1403221415284137,1.8535463423261946,0.0691795345903401,0.2265584631186478,1.8991099921701662,-0.10376930188551015,-0.12935448238535113,-0.06834547476595731
3.500786781311035,0,0.0,0.13613107549733236,1.8564474847627213,0.0950887262238489,0.23163629447271344,1.9018796620647684,-0.14263308933577334,-0.1432578284630716,-0.06814826595307077
3.5530452728271484,0,0.0,0.13172394752006777,1.8593792219300893,0.10834628603130866,0.23503226321047171,1.9089895515827071,-0.16251942904696298,-0.1549624735356059,-0.0744154944789267
3.6076395511627197,0,0.0,0.12708193502041795,1.8623385324164652,0.1342884627843135,0.2373530253688764,1.9065609342108911,-0.20143269417647025,-0.16540663552268767,-0.0663336026916389
3.6592304706573486,0,0.0,0.12266091310196145,1.8650371071475533,0.1600010798640498,0.23774274124413738,1.9134865219588657,-0.2400016197960747,-0.1726227422132639,-0.07267412221696856
3.7125301361083984,0,0.0,0.11805963601860553,1.8677243468642224,0.1717276708352447,0.23663715050627251,1.912307270243675,-0.2575915062528671,-0.1778662717315005,-0.06687438506917887
3.7660903930664062,0,0.0,0.11340252054051322,1.870320865880888,0.19502939337007594,0.23391190510796034,1.912448642622743,-0.2925440900551139,-0.18076407685117069,-0.06319166511278229
3.81654691696167,0,0.0,0.10898588426595064,1.8726710244963305,0.20558954333548787,0.2318347529653776,1.910409270070558,-0.3,-0.1842733030491404,-0.05660736836134117
3.8693389892578125,0,0.0,0.104335513089286,1.8750297190200511,0.22589845266103042,0.22795681113135166,1.9114080217966942,-0.3,-0.18543194706309848,-0.05456745416496467
3.9202401638031006,0,0.0,0.09982451857135255,1.8772062577352908,0.23566954599835407,0.22615159856410344,1.9139065415661787,-0.3,-0.18949061998912634,-0.05505042574633179
3.96081805229187,0,0.0,0.09621005885135121,1.8788723023237826,0.2520764269470298,0.2203303176955056,1.9099015354004136,-0.3,-0.18618038826623157,-0.04654384961494662
4.0137670040130615,0,0.0,0.09147023017277792,1.8809536501224007,0.25862945222077405,0.21707505580653425,1.9050806569751462,-0.3,-0.1884072384506345,-0.03619051027911824
4.0689170360565186,0,0.0,0.08650647731941112,1.883009438541747,0.2713552225241596,0.2117409190864732,1.9054912156579025,-0.3,-0.18785166265059308,-0.0337226656742331
4.116339921951294,0,0.0,0.08221738196360188,1.8846852730405899,0.2762164573218177,0.20878270370946148,1.9047919484208222,-0.3,-0.1898479826187894,-0.030160013070348546
4.169642448425293,0,0.0,0.0773747752872538,1.88646694646473,0.2834600981988002,0.20324971385188959,1.9018371940780379,-0.3,-0.18881240784695366,-0.023055371419961945
4.23441219329834,0,0.0,0.07146128807991221,1.8884860284768377,0.2871840498990425,0.19800812750670072,1.9004609793520923,-0.3,-0.18982025914018277,-0.01796242631288203
4.2858006954193115,0,0.0,0.06674834042461131,1.8899735809867928,0.28783877205579017,0.19534932807420946,1.9003486071071722,-0.3,-0.19290148147439723,-0.015562539180569157
4.326491594314575,0,0.0,0.06300409055523361,1.8910793828443029,0.28605185397212135,0.19010500313112463,1.8985047376972655,-0.3,-0.19065136886383652,-0.011138032279443877
4.3736655712127686,0,0.0,0.05865044183177122,1.8922813631349327,0.2833893621545611,0.1877380685253843,1.8960175231460754,-0.3,-0.1936314400404196,-0.005604240016714113
4.425911903381348,0,0.0,0.05381367593927774,1.893512023324777,0.27518284066540977,0.18274685517098316,1.8916675996098027,-0.3,-0.1933997688475581,0.0027666355724615954
4.468356370925903,0,0.0,0.049873596241930516,1.8944337700167095,0.2698662658907719,0.18022214596995764,1.88900917430755,-0.3,-0.19552282459204068,0.008136893563739145
4.509428977966309,0,0.0,0.04605241554243874,1.895258958766037,0.2641114284685146,0.17845366720569372,1.8894503496660442,-0.3,-0.19860187749488245,0.008712913649989051
4.552013635635376,0,0.0,0.04208247376533374,1.8960450376224962,0.250364759329028,0.17426649145539805,1.8888310133926383,-0.3,-0.19827602653509646,0.010821036344786927
4.609832763671875,0,0.0,0.03668038342752297,1.8969988513201628,0.242977583969072,0.17260576901338145,1.8933842263954983,-0.3,-0.20388807837878772,0.0054219373869967
4.654718399047852,0,0.0,0.032478244242629316,1.897649010283449,0.23401121917083859,0.17100053267057763,1.891739335430453,-0.3,-0.20778343264192245,0.008864512279493808
4.703533411026001,0,0.0,0.027900938463120993,1.8982663265992905,0.21442946810219812,0.1673533466605555,1.8893111494941055,-0.3,-0.20917861229615176,0.013432765657777512
4.757443904876709,0,0.0,0.022838256197510832,1.898839235903071,0.1935876888396135,0.1643634409535245,1.8942397620621076,-0.29038153325942023,-0.2122877771340205,0.006899210761445063
4.808489799499512,0,0.0,0.018038523955579682,1.8992762600361452,0.18190576587046522,0.16294860931507246,1.8907611343841588,-0.2728586488056978,-0.21736512803923919,0.012772688477979632
4.867398023605347,0,0.0,0.012493827482437204,1.8996529700735412,0.15778751823415965,0.16056196576753268,1.8886800408161335,-0.23668127735123948,-0.2221022074276432,0.016459393886111506
4.91826057434082,0,0.0,0.007702912732318586,1.8998681230059915,0.14556173508293307,0.1593598067270656,1.8879730270876254,-0.2183426026243996,-0.22748534099212053,0.01784264387754919
4.973055601119995,0,0.0,0.002539419440715658,1.8999856694075241,0.12000822985601926,0.15603429158999094,1.8874835334699152,-0.1800123447840289,-0.23024230822391295,0.01875320390641344
5.027547836303711,0,0.0,-0.0025962899945130343,1.8999850203378774,0.0934134061606905,0.1534287832177316,1.886649667766723,-0.14012010924103574,-0.23403760981836694,0.020003028856731553
5.07317042350769,0,0.0,-0.0068955426323707505,1.8998943226888383,0.07973573704331838,0.15103720951762176,1.8828695464842913,-0.11960360556497757,-0.23689912822498876,0.025537164306820515
5.1156182289123535,0,0.0,-0.010894365450415243,1.8997361636578314,0.06609302926013712,0.14946927849894306,1.887020089184232,-0.09913954389020568,-0.24054546592403747,0.01907411171039919
5.172314643859863,0,0.0,-0.01623234167634507,1.8994140398883286,0.03774253235912079,0.14461863120716198,1.8811672677993054,-0.05661379853868119,-0.2412764593252606,0.027370158133534717
5.227254629135132,0,0.0,-0.021400053596092098,1.898981008082862,0.009348158212530294,0.13957848091755048,1.8832329832934378,-0.014022237318795441,-0.24146780177046387,0.023622037184136246
5.274667263031006,0,0.0,-0.025854666837435633,1.8985117563083378,-0.00522949776114841,0.13671263824160845,1.8831347043607471,0.007844246641722615,-0.24385095761856615,0.02306557792138597
5.318685054779053,0,0.0,-0.0299852069462657,1.8979969566927524,-0.018832851469766643,0.13197362255509548,1.8763579276849145,0.028249277204649967,-0.24293824425204175,0.03245854351175681
5.374120235443115,0,0.0,-0.03517887677037076,1.8972403618950793,-0.046999239698823816,0.12709259024659258,1.8696827021268319,0.07049885954823573,-0.243407200525445,0.04133648965237113
5.432839632034302,0,0.0,-0.040668571494838615,1.896307551261378,-0.07358823049345067,0.12200959512945636,1.867368865421072,0.11038234574017601,-0.24401724993644244,0.043408028760459016
5.486664533615112,0,0.0,-0.04568856695899934,1.8953340187722738,-0.08552844374691666,0.11749062878106557,1.8567876620900596,0.128292665620375,-0.24476879361009735,0.05781953502332127
5.540162086486816,0,0.0,-0.05066509034228522,1.8942543986832372,-0.109687251619636,0.11220337613051361,1.8507261764353669,0.164530877429454,-0.2443026997091982,0.06529233337180551
5.588939905166626,0,0.0,-0.05519013129787095,1.8931729603166159,-0.13190891299639193,0.10890643838167474,1.847561455938147,0.19786336949458788,-0.24614485451931856,0.06841725656770326
5.642013311386108,0,0.0,-0.06009890977904054,1.8918914158984366,-0.1442585365150323,0.10947476157713502,1.8610805015547665,0.21638780477254843,-0.2543605070342634,0.04621637151550517
5.697478294372559,0,0.0,-0.06521101049728165,1.8904357089996842,-0.16400654997848133,0.10747607842547181,1.8643937522167926,0.246009824967722,-0.25903063338413024,0.03906293517433734
5.749718427658081,0,0.0,-0.07000780454989385,1.888956226733615,-0.1725832069726764,0.10665943133047175,1.8600719574509177,0.2588748104590146,-0.2650008538205484,0.043326403924046075
5.807861566543579,0,0.0,-0.07532439522442386,1.887186398944028,-0.18718042967447743,0.10456491688853028,1.84335263595558,0.2807706445117161,-0.2698339681694312,0.06575064448267198
5.858462333679199,0,0.0,-0.07993092304635649,1.8855409994994508,-0.19254031139859035,0.10335994340519718,1.8262157560044543,0.2888104670978855,-0.2749362996773305,0.08898786524249469
5.908599853515625,0,0.0,-0.08447535985076379,1.8838145699928757,-0.20530014135408653,0.10173869358218596,1.8312935948995943,0.3,-0.27932108014942464,0.07878146263992203
5.961261510848999,0,0.0,-0.08922599570660644,1.8818986990526028,-0.21390858417896963,0.10089553021298618,1.8232292846206328,0.3,-0.28518228887938896,0.0880041216479549
6.015897512435913,0,0.0,-0.09412890916410561,1.8798005288383788,-0.21765215822164394,0.09925865116172498,1.8211538210011184,0.3,-0.2900813404887459,0.0879700617558905
6.069133996963501,0,0.0,-0.09887957002126546,1.877648468246236,-0.21746505862941293,0.09380821515449099,1.785424353693504,0.3,-0.2890316777636347,0.13833617182909808
6.125304460525513,0,0.0,-0.10386203779389873,1.8752632903390454,-0.2221709231545379,0.09495862763164148,1.7992443881012252,0.3,-0.29823099813831033,0.11402835335673023
6.185673713684082,0,0.0,-0.109180848067085,1.8725695578077608,-0.21916166221323694,0.08854525779477705,1.7790301915850029,0.3,-0.29658915879279313,0.1403090493341369
6.232236623764038,0,0.0,-0.11325652907505937,1.8704002846696057,-0.21652764213229436,0.08477826639571386,1.7760253032712126,0.3,-0.29705219320615983,0.14156247209758976
6.287153959274292,0,0.0,-0.11803226451095508,1.8677399673910078,-0.214208837299809,0.08264867996593324,1.7753727954368834,0.3,-0.3,0.13855075793118654
6.321558713912964,0,0.0,-0.1210063700189642,1.8660175063568736,-0.21040185278542653,0.07986215181313633,1.7684813737632916,0.3,-0.3,0.14630419889037294
6.366606712341309,0,0.0,-0.12487909996092261,1.8636975798482394,-0.20216613567369984,0.07389450816944874,1.7690284414559052,0.3,-0.29816041219555706,0.14200370758850123
6.424309492111206,0,0.0,-0.12980310575192622,1.8606195994849957,-0.19642057606738172,0.07093579981551634,1.7652090561665188,0.2946308641010726,-0.3,0.1431158149777153
6.478057146072388,0,0.0,-0.13435126877354106,1.857645974123859,-0.1874515098987954,0.06758476903189825,1.7930419709311844,0.28117726484819305,-0.3,0.09690600478901168
6.532284736633301,0,0.0,-0.13890122134771501,1.85454246122915,-0.16778285376729654,0.056904411077785925,1.7668102121921452,0.2516742806509448,-0.2937084486382514,0.13159837355550708
6.594897985458374,0,0.0,-0.1441045415880274,1.8508310922334235,-0.1622922628814227,0.05435064965694974,1.794902768277301,0.24343839432213404,-0.29768278686746574,0.08389248593418352
6.6424102783203125,0,0.0,-0.14801583395128665,1.8479241626170984,-0.1390780000403027,0.04268289497485313,1.7714593382778503,0.20861700006045408,-0.28604809338920967,0.11469723650887209
6.7012388706207275,0,0.0,-0.152812914088396,1.8442175366126292,-0.11997944390022125,0.032322542406765194,1.7952453588239585,0.17996916585033187,-0.2777031847427418,0.07345826668300603
6.7581353187561035,0,0.0,-0.15740280643417678,1.840520794670347,-0.1086962921675316,0.026213419103436074,1.8081230722713704,0.16304443825129739,-0.2754243383064193,0.04859658359846497
6.799623489379883,0,0.0,-0.1607180761479969,1.8377565197970256,-0.08344747270569675,0.01277126639646399,1.8002046188956164,0.12517120905854512,-0.26023401381669137,0.05632785135211371
6.853096008300781,0,0.0,-0.1649506492770413,1.8341091858874414,-0.06909498010173652,0.004516840164642238,1.785961259805802,0.10364247015260478,-0.2542012341625253,0.0722218891224593
6.903348922729492,0,0.0,-0.16888597020857996,1.830595500585653,-0.042514186341318344,-0.01034895150520126,1.7925835559463361,0.06377127951197752,-0.23780552805506805,0.05701791695897518
6.9558539390563965,0,0.0,-0.17295267382559273,1.8268363440053839,-0.015328829328665102,-0.02551974781871999,1.814643003549533,0.022993243992997653,-0.22114938901030912,0.018290010683776448
6.999997138977051,0,0.0,-0.17633535754023436,1.8236070090743681,-0.001198259299032778,-0.03355145223983425,1.8113576948688623,0.0017973889485491672,-0.21417585795060018,0.018373971308258685
7.0544517040252686,0,0.0,-0.18046140960201545,1.8195376650223218,0.012938632938800394,-0.04181513981298693,1.8160617889095727,-0.019407949408200592,-0.2079694046835428,0.005213814169123698
7.105595588684082,0,0.0,-0.1842885372557743,1.8156305436174165,0.0412467682988203,-0.057118449078525514,1.8160690332311449,-0.06187015244823045,-0.19075513226587318,-0.0006577344205925817
7.155527830123901,0,0.0,-0.1879791069450547,1.8117373690988823,0.05528787319408989,-0.06478053273722985,1.8167071797417897,-0.08293180979113483,-0.18479786131173728,-0.007454715964361203
7.204721689224243,0,0.0,-0.19156987153023208,1.8078267458508739,0.08271926551299469,-0.07988860772026851,1.8210345817852522,-0.12407889826949203,-0.16752189571494536,-0.01981175390156753
7.250468015670776,0,0.0,-0.1948679534725812,1.8041241872347045,0.09559322950382479,-0.08669303347409103,1.817160084152691,-0.1433898442557372,-0.16226237999773527,-0.019553845376979684
7.303330421447754,0,0.0,-0.19862889944570664,1.7997674959919951,0.12122872961417241,-0.10109759964344389,1.820735283508256,-0.18184309442125862,-0.14629694970339413,-0.03145168127439124
7.356154680252075,0,0.0,-0.20233241043813607,1.7953313639852884,0.13351738688285508,-0.1083908092718664,1.8204570941157936,-0.20027608032428262,-0.1409124017494045,-0.037688595195757846
7.398205995559692,0,0.0,-0.2052408444711444,1.7917417298023,0.1569162714984691,-0.12262207615193636,1.8257544669088839,-0.23537440724770364,-0.12392815247881206,-0.051019105659875885
7.452229976654053,0,0.0,-0.20892471658681092,1.787055434984242,0.1676512935770165,-0.12933541437663207,1.821675594656717,-0.25147694036552476,-0.11938395331526827,-0.05193023950871234
7.5068747997283936,0,0.0,-0.21258969819447143,1.782231174659147,0.18895090470996168,-0.14388359126499564,1.8251791235800947,-0.2834263570649425,-0.10305916039421369,-0.0644219233814215
7.557870864868164,0,0.0,-0.21595346632199244,1.7776539825306665,0.2077826043682191,-0.15649719948988408,1.8265322496558765,-0.3,-0.08918440024816254,-0.0733174006878149
7.614260673522949,0,0.0,-0.21960844694039514,1.7725097512055186,0.21694516720082432,-0.16218582267698356,1.8289885289223227,-0.3,-0.08613393639511736,-0.08471816657520614
7.663665294647217,0,0.0,-0.22275406981743381,1.7679324106470629,0.23267170011374266,-0.17208892175930376,1.8306662779351641,-0.3,-0.07599772208719507,-0.0941008009321519
7.718554735183716,0,0.0,-0.22618595538449152,1.7627712603490548,0.23933598992103106,-0.17585026380162208,1.830058966105907,-0.3,-0.07550353737430415,-0.10093155863527825
7.769558668136597,0,0.0,-0.22931464298567095,1.7579053901030093,0.2506639287757172,-0.18402879725468022,1.8291930913520147,-0.3,-0.0679287685964861,-0.10693155187350811
7.820486307144165,0,0.0,-0.23237990816920748,1.7529807310335295,0.25546704201837644,-0.18747449058888455,1.8312870072171732,-0.3,-0.0673581263704844,-0.11745941427546558
7.870054244995117,0,0.0,-0.2353062189480092,1.7481253565774688,0.2617951403317407,-0.19408634121227522,1.831054465017769,-0.3,-0.061829816603600984,-0.12439366266045015
7.930123567581177,0,0.0,-0.23877595467796411,1.7421608041231256,0.2657489386626231,-0.19934179980963443,1.8346351104951617,-0.3,-0.05915123230249453,-0.1387114595580542
7.979595184326172,0,0.0,-0.24156974450619476,1.7371836926723883,0.26533551473807965,-0.2002115396532949,1.828297336152927,-0.3,-0.062037307279349765,-0.13667046522080828
8.029582977294922,0,0.0,-0.24433341473050674,1.7320964644132268,0.2641850294934279,-0.204784577387277,1.8300049432833885,-0.3,-0.05932325601484459,-0.14686271830524245
8.075255155563354,0,0.0,-0.24680582730078687,1.727398362587183,0.2624799291334275,-0.20628703418984135,1.8308440202062697,-0.3,-0.06077818966641829,-0.15516848642863013
8.123868465423584,0,0.0,-0.24938161935425232,1.7223463081801331,0.2605354839350187,-0.2088701203216901,1.8350392704470215,-0.3,-0.060767248548843314,-0.1690394434003326
8.16878080368042,0,0.0,-0.2517096356900952,1.7176327561160858,0.2530703185450126,-0.21118142890282376,1.832359746452238,-0.3,-0.06079231018090714,-0.17209048550422845
8.215868949890137,0,0.0,-0.25409661627650787,1.7126443440607568,0.24312124692473522,-0.2129333577858511,1.8303733180862714,-0.3,-0.06174488773598516,-0.17659346103827178
8.277693510055542,0,0.0,-0.2571460996645878,1.7060243067743432,0.2378233401761863,-0.21445501540406164,1.834555297419975,-0.3,-0.06403662639078922,-0.19279648596844767
8.387306690216064,0,0.0,-0.262313585544776,1.6940977203536334,0.20904695236830909,-0.21581343032704867,1.830949931813376,-0.3,-0.06975023282659103,-0.20527831718961387
8.421281099319458,0,0.0,-0.2638523730563317,1.6903537069424757,0.20904695236830909,-0.21581343032704867,1.830949931813376,-0.3,-0.07205841409392454,-0.21089433730635043
8.459919214248657,0,0.0,-0.2655658517107922,1.6860694178949662,0.19249529056776127,-0.21543316107109864,1.8320999312801425,-0.2887429358516419,-0.07519903595954038,-0.21904577007776438
8.50862741470337,0,0.0,-0.267670121321776,1.6806295467479633,0.18328175419515022,-0.21492986795793695,1.8299721838890026,-0.2749226312927253,-0.07911038004575854,-0.22401395571155902
8.55546236038208,0,0.0,-0.2696343633683191,1.6753589846430523,0.17377385329511863,-0.214024410224183,1.8246407537599991,-0.26066077994267794,-0.08341492971620412,-0.2239226536754202
8.604120969772339,0,0.0,-0.27161325758466753,1.6698430036068999,0.1542232334488579,-0.21299869105024666,1.8244337282071266,-0.23133485017328687,-0.08792184980163131,-0.23188608690034007
8.654958963394165,0,0.0,-0.27361298110378923,1.664037592285007,0.14394249112393648,-0.21249862486915683,1.8219721648765335,-0.21591373668590472,-0.09167153435194861,-0.23690185888728965
8.705489873886108,0,0.0,-0.27553146577856985,1.6582257816660892,0.12244712908505208,-0.2117081962739283,1.820898954989007,-0.18367069362757812,-0.09573490425696231,-0.24400975998437646
8.759602308273315,0,0.0,-0.27750892517056197,1.651957868141458,0.11128457470337685,-0.21026738665785127,1.8167908874392713,-0.1669268620550653,-0.10086230776906605,-0.24724952894672003
8.819809198379517,0,0.0,-0.2796148185715769,1.6449324945402537,0.0889636863444813,-0.20739064271500898,1.8139928694505452,-0.13344552951672195,-0.10833626378485185,-0.2535905623654372
8.8729727268219,0,0.0,-0.2813912124980567,1.6386858033517875,0.06593554425586567,-0.20573407679377007,1.8065775432709614,-0.09890331638379851,-0.11348570355642996,-0.2518376098787609
8.9250009059906,0,0.0,-0.2830536775005945,1.6325350479660343,0.05449947537077558,-0.20417856055538577,1.7999806652186385,-0.08174921305616337,-0.11831267541781311,-0.2511684258789063
8.979074001312256,0,0.0,-0.284701341529881,1.6261050435582163,0.03205841683030323,-0.2016830388032603,1.7919896278049725,-0.048087625245454846,-0.12452745408993109,-0.24882687637013434
9.043548107147217,0,0.0,-0.2865585165092725,1.6183908150792112,0.009648569050634652,-0.1981361112772046,1.7756339771154537,-0.014472853575951978,-0.13263360784810185,-0.23586474305436367
9.09949541091919,0,0.0,-0.28807483427068414,1.611657331828076,-0.012181927404585778,-0.19595101704861678,1.7642242960367125,0.01827289110687867,-0.13818572583310104,-0.2288504463129547
9.160976886749268,0,0.0,-0.2896384935335498,1.6042180881175265,-0.02282456003125414,-0.19406874517006975,1.7542451736359828,0.03423684004688121,-0.14335462254522008,-0.22504062827768434
9.22474193572998,0,0.0,-0.2911460776598364,1.5964614968740722,-0.053949659053755476,-0.19101146280763034,1.7335901856638392,0.08092448858063321,-0.15020192227830909,-0.20569303318465038
9.269311428070068,0,0.0,-0.2921304894358696,1.5910167470983887,-0.06393324985573418,-0.18874592426033115,1.7186197120517184,0.09589987478360126,-0.15507684776330768,-0.19140444742999452
9.314391851425171,0,0.0,-0.29306792455986547,1.585491432648585,-0.07353379131260235,-0.18747062085214955,1.7114670748571854,0.11030068696890352,-0.15839595556157388,-0.1889634633129007
9.369612455368042,0,0.0,-0.2941361028522343,1.5787000268123612,-0.09235671182068447,-0.18509448519893776,1.6905278525070648,0.1385350677310267,-0.1635624264799448,-0.16774173854205543
9.418590307235718,0,0.0,-0.2950094574940231,1.5726565129185224,-0.10149300491838151,-0.18499008476372558,1.683662492767301,0.15223950737757225,-0.16502905909544624,-0.16650896977316787
9.470232009887695,0,0.0,-0.2958546641379485,1.5662656969455768,-0.11868640525277337,-0.1840402033023503,1.6629193641060778,0.17802960787916006,-0.16772169125339725,-0.14498050074075142
9.524524688720703,0,0.0,-0.29665928623204074,1.5595280384699681,-0.1267833595450373,-0.18365353283877023,1.656097145746111,0.19017503931755597,-0.16950863008990577,-0.14485366091421448
9.582337141036987,0,0.0,-0.29742118888398056,1.5523345885682083,-0.14156975246035094,-0.18311903529756202,1.6383546239451787,0.2123546286905264,-0.1714532303796278,-0.12903005306545567
9.636720657348633,0,0.0,-0.29804835436238725,1.5455519915285643,-0.15376884750640143,-0.1813828354771967,1.6146831528619991,0.23065327125960217,-0.17499827832778583,-0.10369674200015233
9.686837673187256,0,0.0,-0.29854929303119293,1.5392896849471236,-0.15910349335749538,-0.1799868848922719,1.6051123169795818,0.23865524003624305,-0.17784361220838152,-0.09873394804868729
9.742403030395508,0,0.0,-0.2990181718691028,1.5323352684523244,-0.16836456653152002,-0.1765899682539302,1.5854173358246253,0.25254684979728004,-0.1836423054227589,-0.07962310105845138
9.798263549804688,0,0.0,-0.299397697896565,1.5253339822456253,-0.17496111559789884,-0.17224267013145975,1.5611804696600817,0.26244167339684826,-0.1907325416476579,-0.053769731121684594
9.85959005355835,0,0.0,-0.29970817914183256,1.5176387127515802,-0.1795822216734047,-0.16954232534245592,1.5409027050053772,0.2693733325101071,-0.19524878069906498,-0.03489598838069541
9.919615983963013,0,0.0,-0.2999043450775302,1.5101002797424536,-0.18077472877523865,-0.16832645369648655,1.5296830237303225,0.271162093162858,-0.1973668370715655,-0.029374115981803284
9.968804597854614,0,0.0,-0.2999855931609106,1.5039200670961614,-0.18148040468107818,-0.16482349567505494,1.503796746066162,0.27222060702161727,-0.2027431462287835,0.00018498154499901887
10.02860403060913,0,0.0,-0.2999878872556784,1.4964055598799424,-0.1805986970301131,-0.16220221377592592,1.4845296568310922,0.27089804554516966,-0.20667851021962869,0.017813854573275334
10.076550960540771,0,0.0,-0.2999132496248389,1.4903812498414981,-0.1793648386132083,-0.16101951342138654,1.474440340736319,0.26904725791981243,-0.20834060430517853,0.023911363657768803
10.134465217590332,0,0.0,-0.29973236288622945,1.4831076275654675,-0.17539336817193174,-0.15885948074138737,1.454181827921591,0.2630900522578976,-0.21130932321726315,0.043388699465814806
10.195955276489258,0,0.0,-0.29943171293901,1.4753910843108413,-0.16935845986296308,-0.15708278900213157,1.4352323487472565,0.25403768979444463,-0.21352338590531764,0.06023810334537727
10.250173091888428,0,0.0,-0.2990739197332444,1.4685946774392793,-0.165794944983541,-0.15663332282334613,1.4305506344009422,0.2486924174753115,-0.21366089536484736,0.057066064557505625
10.292476415634155,0,0.0,-0.2987344854731493,1.4632980245377507,-0.15606378645299757,-0.15674465291890036,1.4110042681621242,0.23409567967949635,-0.21298474883137342,0.07844063456343975
10.363576650619507,0,0.0,-0.29804516207517306,1.4544108908993225,-0.14455492011873242,-0.1578070282758655,1.397789389337821,0.21683238017809864,-0.21035720069896133,0.08493225234225221
10.423575639724731,0,0.0,-0.2973477650216373,1.4469288672459368,-0.13756277107382558,-0.15823599088178653,1.3857257852298646,0.20634415661073838,-0.20866766120977615,0.09180462302410841
10.475510597229004,0,0.0,-0.29665879129436595,1.4404675767480417,-0.12309405916675213,-0.16173885119506176,1.378891930529373,0.1846410887501282,-0.2023799101489563,0.0923634693280031
10.524532318115234,0,0.0,-0.29593601098316075,1.43438323515883,-0.11473383292990567,-0.16387606958347462,1.3724497321947522,0.1721007493948585,-0.1980899120995292,0.0929002544461166
10.578358173370361,0,0.0,-0.29506156176197795,1.4277206066485217,-0.09649508767405723,-0.16792935247191684,1.360016945963708,0.14474263151108585,-0.19069831393509168,0.10155549102722072
10.633252620697021,0,0.0,-0.2940828558687464,1.4209470064202259,-0.07668649614321377,-0.17410567397701465,1.3513338785988935,0.11502974421482065,-0.1799657728375976,0.1044196917319985
10.689208984375,0,0.0,-0.2929952038213988,1.414066583525699,-0.06611937682585653,-0.17705084358834158,1.3485578355392165,0.0991790652387848,-0.17391654034958587,0.09826312197972364
10.747116088867188,0,0.0,-0.2917743073535826,1.406974282472597,-0.04431208399628466,-0.18423571063800503,1.3448277410753902,0.06646812599442699,-0.16130789507336638,0.09321981209581032
10.804617404937744,0,0.0,-0.29046641775098636,1.3999621390880481,-0.02171211625889124,-0.1916017328781955,1.336955012998448,0.032568174388336854,-0.14829702730918626,0.0945106891344002
10.866677522659302,0,0.0,-0.28894849489144164,1.3924307578040345,0.0017409737168848933,-0.1990783417400364,1.329742155037769,-0.00261146057532734,-0.13480522972710784,0.09403290414939813
10.923360586166382,0,0.0,-0.2874661029432605,1.3855875713152748,0.013798542576529781,-0.2041809214303366,1.3298376919814998,-0.020697813864794672,-0.12492777226938591,0.08362481900066243
10.984123468399048,0,0.0,-0.2857757946926902,1.3782921883799009,0.037695133959985444,-0.2136162382565676,1.3280737466357835,-0.056542700939978166,-0.10823933465418394,0.07532766261617607
11.03069543838501,0,0.0,-0.28440972366345757,1.372730493583799,0.062078317590572474,-0.22428527470278542,1.3271089576021002,-0.09311747638585871,-0.09018667344100822,0.06843230397254807
11.083967924118042,0,0.0,-0.28277247712945563,1.3664020879865657,0.07404404571432376,-0.22984655213289026,1.3291552655957195,-0.11106606857148563,-0.07938888749484806,0.0558702335862693
11.135465621948242,0,0.0,-0.2811144835165839,1.3603200664553787,0.0977261602537813,-0.24048944077126366,1.3295772408194781,-0.14658924038067195,-0.060937564117980375,0.046114238453850875
11.189770698547363,0,0.0,-0.279286409641505,1.3539461202033383,0.1092062663838762,-0.24545710064011028,1.3307148397576927,-0.1638093995758143,-0.05074396350209204,0.034846920668468395
11.241475820541382,0,0.0,-0.27747030768216663,1.34791681600876,0.13110870275695904,-0.25544775075002313,1.3320798114663048,-0.19666305413543855,-0.03303383539821525,0.02375550681368277
11.301671981811523,0,0.0,-0.27526376693354,1.340948038603409,0.15174080117071262,-0.26571279149629445,1.3363368816111807,-0.22761120175606891,-0.014326463155868302,0.006916735488342374
11.363034009933472,0,0.0,-0.27291317703773754,1.3339028514571145,0.1707301224717223,-0.27513575569484805,1.3408342480646118,-0.25609518370758344,0.0033338679856657616,-0.010397094911245963
11.423403263092041,0,0.0,-0.27050164362783163,1.3270318678310091,0.17964395939430106,-0.27891358584500836,1.3425637329549056,-0.26946593909145156,0.01261791332576509,-0.023297797685844723
11.47905445098877,0,0.0,-0.26819237348536645,1.320752928779987,0.19647246716068925,-0.28731888760956203,1.3473443322159033,-0.2947087007410339,0.028689771186293372,-0.03988710515387439
11.538372278213501,0,0.0,-0.2656407171124692,1.3141206632153328,0.21213678507324163,-0.29600763528305785,1.3542570673968317,-0.3,0.04555037725588293,-0.06020460627224833
11.595304489135742,0,0.0,-0.2631049138856727,1.3078158092328542,0.22586922611879168,-0.3039032284077457,1.3603990895528146,-0.3,0.0611974717831095,-0.0788749204799406
11.647615432739258,0,0.0,-0.2607007306646349,1.3020768767383526,0.23237988964288994,-0.3074147215368461,1.3630657520386027,-0.3,0.07007098630831685,-0.09148331295037515
11.702449321746826,0,0.0,-0.25810502294976134,1.2961185654875607,0.24334156433666226,-0.31349360356857886,1.368997641676655,-0.3,0.08308287092822628,-0.10931861428364142
11.742361068725586,0,0.0,-0.2561674864112445,1.2918196555088945,0.24836388999368508,-0.316304085826565,1.3723435409048759,-0.3,0.09020489912298077,-0.12078582809397198
11.7875337600708,0,0.0,-0.2539259846606908,1.2869936075488244,0.2528754682447485,-0.31883200877306433,1.3748053547230383,-0.3,0.09735903616856034,-0.13171762076132087
11.835617542266846,0,0.0,-0.2514838548378855,1.2819037082963285,0.25921876922987447,-0.32198596852441597,1.3775308384219007,-0.3,0.10575317052979571,-0.14344069518835834
11.886579275131226,0,0.0,-0.2488329291423862,1.2765635128795052,0.263454945814251,-0.323951664575719,1.3804056872740726,-0.3,0.11267810314999921,-0.15576326159185117
11.93731164932251,0,0.0,-0.2461305827968771,1.271304234263287,0.268365779656083,-0.3268803877721903,1.388956553907477,-0.3,0.1211247074629698,-0.17647847946628514
11.989540338516235,0,0.0,-0.24328322555663245,1.2659505383223997,0.2697962193676609,-0.3283909961217285,1.392863091632295,-0.3,0.12766165584764408,-0.19036882996484306
12.041602849960327,0,0.0,-0.24037974243190469,1.2606765854297814,0.26988685664010026,-0.329532750857848,1.3972621359130954,-0.3,0.13372951263891497,-0.204878325724971
12.089523315429688,0,0.0,-0.2376504056973266,1.255878774478667,0.2684180028055802,-0.32955032812821117,1.397879417741543,-0.3,0.13784988364632686,-0.21300096489431397
12.135406494140625,0,0.0,-0.23498662077700522,1.2513367719422595,0.26439055833293923,-0.33114184597906315,1.40368356366449,-0.3,0.1442328378030869,-0.2285201875833458
12.187183380126953,0,0.0,-0.23192206561392575,1.2462734438411833,0.26097293446924524,-0.3310174255077983,1.4043788850522143,-0.3,0.1486430398408088,-0.23715816181654648
12.239439487457275,0,0.0,-0.22876693182279606,1.2412313228490341,0.25243944352342507,-0.33101425406177865,1.4086113546062644,-0.3,0.15337098335847388,-0.2510700476358454
12.29670000076294,0,0.0,-0.22523887954919658,1.235786459630607,0.2409858598216919,-0.32917412660364487,1.4082624722449,-0.3,0.15590287058167243,-0.2587140189214395
12.345557928085327,0,0.0,-0.22217087267370947,1.2312081240136323,0.23382779671447002,-0.327990198673137,1.4089137407723433,-0.3,0.15872898899914129,-0.2665584251380665
12.398529052734375,0,0.0,-0.21878546604325264,1.2263159328366235,0.22024138746126776,-0.32655181811814504,1.4128904542587486,-0.3,0.16164952811233863,-0.2798617821331876
12.449599027633667,0,0.0,-0.21546418668972178,1.221671068285066,0.21206229236794585,-0.3246384950820211,1.4113699395490624,-0.3,0.16376146258844895,-0.28454830689599464
12.512767314910889,0,0.0,-0.21127947497828,1.2160250920227011,0.19460697156643747,-0.32103952107052197,1.4131603237383612,-0.2919104573496562,0.16464006913836293,-0.2957028475734901
12.570570707321167,0,0.0,-0.20737722642282314,1.210956563168395,0.1751953542073634,-0.316343855068943,1.4145672459258924,-0.2627930313110451,0.16344994296917983,-0.3
12.624196290969849,0,0.0,-0.20369584047637124,1.2063395624644766,0.16463323136677502,-0.3142086494466677,1.4128082293313124,-0.24694984705016254,0.1657692134554447,-0.3
12.679508686065674,0,0.0,-0.1998380988393458,1.2016646651768417,0.14273175603680224,-0.3091569464996799,1.4131579670354026,-0.21409763405520338,0.16397827149050115,-0.3
12.740442752838135,0,0.0,-0.19551847041479406,1.196618970118699,0.11887881616065234,-0.3021474310586505,1.408041954231216,-0.1783182242409785,0.15994344096578467,-0.3
12.791070222854614,0,0.0,-0.19187491652038563,1.1925111993792437,0.0937784759181522,-0.2943879597072764,1.404030969737628,-0.1406677138772283,0.15376956478033613,-0.3
12.848121881484985,0,0.0,-0.18771090705818008,1.1879754557477669,0.08116436023766907,-0.28990655046495956,1.402438513609315,-0.1217465403565036,0.15329346511016922,-0.3
12.9033784866333,0,0.0,-0.18362041547357502,1.1836779615045967,0.05414141350496439,-0.2800649143155838,1.3926052205002102,-0.08121212025744659,0.14466674826301312,-0.3
12.969620943069458,0,0.0,-0.17864385381016365,1.178651802568262,0.02736716788333507,-0.27127427747042826,1.387052639771275,-0.041050751825002604,0.1389456354903969,-0.3
13.031981945037842,0,0.0,-0.1738881550718505,1.1740472848860626,-0.0001252920470425634,-0.2627047359952263,1.3749139982612346,0.00018793807056384512,0.13322487138506373,-0.3
13.083278179168701,0,0.0,-0.1699261549897134,1.1703534502924904,-0.01376345618172283,-0.2587395368922109,1.368442760017017,0.020645184272584244,0.13322007285374626,-0.29713396458679
13.14981484413147,0,0.0,-0.16472143040179082,1.1656898303367884,-0.040974501009037934,-0.25152711234777925,1.3533491373301576,0.0614617515135569,0.13020852291898263,-0.2814889604900538
13.207798719406128,0,0.0,-0.16012696550713457,1.1617447251491804,-0.08005377885615463,-0.24221274239819796,1.3334901601570983,0.12008066828423195,0.12312866533659508,-0.2576181525118769
13.264147758483887,0,0.0,-0.1556111188923978,1.1580183769016403,-0.09290685083548136,-0.23925732482969786,1.3265434633768594,0.13936027625322206,0.1254693089059501,-0.25278762971282853
13.316744804382324,0,0.0,-0.15135192878969292,1.1546368258667994,-0.105128885939929,-0.23619209675374217,1.3169522089767711,0.15769332890989352,0.12726025194607388,-0.2434730746649576
13.369751691818237,0,0.0,-0.14701774564207848,1.1513243277993561,-0.12908737445287546,-0.23093763723191096,1.2999602444953307,0.1936310616793132,0.12587983738474873,-0.2229538750439618
13.415355682373047,0,0.0,-0.14325620025525493,1.1485517933820404,-0.1405463989616182,-0.2288158088289829,1.2926830601037071,0.2108195984424273,0.12833941286059194,-0.21619690008250014
13.45888638496399,0,0.0,-0.13963822499271422,1.1459725908391734,-0.16202657495833608,-0.22459109716455677,1.27217022525172,0.24303986243750414,0.12742930825776383,-0.18929645161881992
13.505463361740112,0,0.0,-0.1357381616209845,1.143286229952098,-0.17217881365840657,-0.22270107042770557,1.2617773998837472,0.25826822048760983,0.13044436321008157,-0.17773675489747365
13.577526330947876,0,0.0,-0.12964709613877048,1.13928064349683,-0.1912917541184764,-0.22135391210836036,1.2408213563887065,0.2869376311777146,0.13756022395438483,-0.1523110693378149
13.622621536254883,0,0.0,-0.12580146002772719,1.1368679636400563,-0.2081644261254767,-0.22088552134074377,1.2163808260254918,0.3,0.14262609196952486,-0.1192692935781533
13.679390907287598,0,0.0,-0.12092446850222767,1.133934376453975,-0.21623056389145903,-0.2217057475331544,1.2059154105570173,0.3,0.1511719185463901,-0.10797155115456336
13.73080587387085,0,0.0,-0.11647423392827282,1.1313779343897132,-0.2310677784135643,-0.22499618389697315,1.186326749211007,0.3,0.1627829249530505,-0.08242322223194065
13.76948618888855,0,0.0,-0.11310615658485482,1.129518038003702,-0.23794536135409092,-0.2271194955662061,1.1783559084604156,0.3,0.17102000847202692,-0.07325680568507043
13.817710399627686,0,0.0,-0.10888371327183491,1.1272758852051874,-0.24400876593008466,-0.22896899967191692,1.1705077969291093,0.3,0.18012792960012303,-0.0648478675858829
13.854145526885986,0,0.0,-0.10567687905184783,1.1256385650587006,-0.25302884734235714,-0.23169277843711625,1.149892367455697,0.3,0.18902384907790262,-0.03638070359549439
13.887523412704468,0,0.0,-0.10272696550814116,1.124181673777841,-0.2568975452845002,-0.23377135494498086,1.1420495732556055,0.3,0.19656658415525957,-0.026801849216646856
13.918399333953857,0,0.0,-0.09998810954418771,1.122870778527443,-0.2568975452845002,-0.23377135494498086,1.1420495732556055,0.3,0.20067486810118973,-0.028768192092243794
13.9602632522583,0,0.0,-0.09625958421291332,1.1211500620804953,-0.26152086692885823,-0.2362419502006346,1.123533228906953,0.3,0.20997354898158194,-0.003574750239686675
14.007507801055908,0,0.0,-0.09203187958328644,1.1192869073485798,-0.2630490010039203,-0.23805847861580828,1.11661739695938,0.3,0.21903989854878278,0.004004265583799738
14.066198825836182,0,0.0,-0.08675174919645233,1.1170891974795503,-0.2639267998675941,-0.2413499853841523,1.1037572406980543,0.3,0.23189735428154995,0.01999793517224402
14.118169069290161,0,0.0,-0.08205157570494007,1.1152517962226054,-0.26292747505928715,-0.2425137935748055,1.096390363358306,0.3,0.24069332680479813,0.028292149296448965
14.175641536712646,0,0.0,-0.07682836643975867,1.1133393055399188,-0.2590086321122414,-0.24437424740108035,1.0836468479555057,0.3,0.2513188214419825,0.04453868637661962
14.23455262184143,0,0.0,-0.07144843390278283,1.111509768364558,-0.25282743449040823,-0.24548887258022517,1.073244976141831,0.3,0.2610606580161635,0.057397188334090576
14.285781383514404,0,0.0,-0.066750114904723,1.110026958971193,-0.2490257270672741,-0.2457569184676497,1.0690844452301171,0.3,0.2685102053443901,0.061413770611613905
14.335803985595703,0,0.0,-0.06214572339717379,1.1086765269534293,-0.23966334807612266,-0.2459489993972167,1.0614343789978746,0.3,0.27570491400006436,0.07086322193333205
14.394786357879639,0,0.0,-0.05669698936061805,1.1072083924919147,-0.22753800647708886,-0.24321386391939745,1.0510060786991051,0.3,0.2797753118381691,0.0843034706892144
14.446927547454834,0,0.0,-0.05186396592256064,1.1060228341895186,-0.2211048712716046,-0.2416512672313944,1.0481784614729137,0.3,0.2846809519632506,0.08676655907490738
14.504624366760254,0,0.0,-0.04649981970693003,1.1048341742908474,-0.20684726869166145,-0.237356431372305,1.0431255394755266,0.3,0.28628491749806245,0.09256295222298128
14.556551694869995,0,0.0,-0.04165895799831605,1.1038753704120223,-0.19076945055024674,-0.23140682735499274,1.0391851312850262,0.2861541758253701,0.284621804035015,0.09703535869049418
14.619393587112427,0,0.0,-0.03578589366693131,1.1028560410699995,-0.18205825614249102,-0.22741025410078358,1.0367091014857772,0.2730873842137365,0.2874365406507784,0.09922040937633336
14.671712398529053,0,0.0,-0.030885555863181417,1.1021254637976163,-0.1637103994914647,-0.217921671987581,1.032903211614855,0.24556559923719706,0.28055417418659934,0.10383337827414185
14.728548765182495,0,0.0,-0.02555267790409705,1.1014536175841467,-0.15449217595293707,-0.2132418801429916,1.0333214885945439,0.2317382639294056,0.2815338033583419,0.10219819348440429
14.785069704055786,0,0.0,-0.020241314052289794,1.1009115069886009,-0.1346576277419157,-0.2039028301873242,1.0330569580705122,0.20198644161287355,0.2754922742025516,0.10178182337713293
14.841395378112793,0,0.0,-0.01494194882544762,1.1004964454830966,-0.11272717571298828,-0.1933061103573676,1.028903182145889,0.1690907635694824,0.26754624229788,0.10738989500581142
14.901736736297607,0,0.0,-0.009259623557077474,1.1001905801308023,-0.0901471386723183,-0.1823199066799596,1.0303876086786599,0.13522070800847746,0.2595904246843232,0.10470445717821364
14.953563213348389,0,0.0,-0.004376408794800633,1.1000425643845233,-0.0782832575918621,-0.17631782418991082,1.030278126659193,0.11742488638779314,0.25791212309266526,0.10464665658799555
15.005929708480835,0,0.0,0.0005588615348035827,1.1000006940588578,-0.05403098473331382,-0.16437225959115415,1.0345403776111581,0.08104647709997073,0.24739668168893658,0.09819047467154951
15.062085390090942,0,0.0,0.005851039157284308,1.1000760842565067,-0.029018723910822435,-0.15210381787335403,1.0387501385884417,0.04352808586623365,0.2369322855459575,0.09198891850209756
15.113816499710083,0,0.0,0.010724666741934497,1.1002556783292057,-0.016339125554193663,-0.14730793568051018,1.041754510299253,0.024508688331290496,0.23704890363366704,0.08775175204492913
15.17409086227417,0,0.0,0.016399498550986952,1.1005980994931408,0.009159517624093907,-0.13838167976694637,1.0482067569666662,-0.013739276436140861,0.2321717674769,0.07858701378971189
15.228137016296387,0,0.0,0.021483003947343707,1.1010269169950357,0.03427648782054932,-0.13167000312176602,1.0566455515015487,-0.051414731730823976,0.2297295106036646,0.06657204824023055
15.2782142162323,0,0.0,0.02618769940883546,1.1015269045197154,0.04654207580797752,-0.12908008460536127,1.0615408653602458,-0.06981311371196627,0.23290167602129508,0.05997905873920428
15.328512191772461,0,0.0,0.030906610448564173,1.10212837038265,0.06999245025888065,-0.1246489832340481,1.0699091934770348,-0.10498867538832098,0.23333339052391844,0.0483287653584229
15.37621521949768,0,0.0,0.03537495452263401,1.1027905951823473,0.08129434381088664,-0.12286148785407033,1.073942681330724,-0.12194151571632997,0.23735466356505652,0.043271870777434995
15.43212628364563,0,0.0,0.040601959594611416,1.1036803066500143,0.09196865719788885,-0.12163585054247794,1.0785289095591668,-0.1379529857968333,0.243356715205634,0.03772709563627119
15.484452724456787,0,0.0,0.045482529497543035,1.1046237471066211,0.11229929704940186,-0.11996295652548443,1.0885377921427286,-0.16844894557410278,0.24816822903454122,0.024128932445838802
15.534739017486572,0,0.0,0.05016124646085204,1.105631082240119,0.13062310114733253,-0.1199290337042385,1.0994148662322467,-0.19593465172099878,0.2551354202476358,0.009324324011808383
15.579606771469116,0,0.0,0.054325281293371615,1.1066129668015172,0.13914508263031397,-0.11936122925801504,1.1033731195785794,-0.20871762394547094,0.26052976582708,0.004859770834406696
15.638258457183838,0,0.0,0.05975215517365612,1.108014331436346,0.15555956847862498,-0.11889519465555135,1.1137278662670704,-0.2333393527179375,0.2679710247438112,-0.00857030224608668
15.688839197158813,0,0.0,0.06441602405858532,1.109329747810575,0.16308908930038937,-0.11849502299919915,1.1179046950693374,-0.24463363395058407,0.2743665705866767,-0.0128624208881436
15.737190961837769,0,0.0,0.06885917756448762,1.1106794210647537,0.17799695047412106,-0.11771552337173462,1.1275398488550703,-0.2669954257111816,0.2798620514043334,-0.0252906416854749
15.79321837425232,0,0.0,0.07398772429781031,1.112355680430329,0.18509939705749315,-0.11740932132119086,1.1330825735998022,-0.27764909558623974,0.28709556842850176,-0.03109033975420994
15.844847679138184,0,0.0,0.07869342742331929,1.11400669094948,0.1985110377752362,-0.11548662479869216,1.1409889964911062,-0.29776655666285434,0.2912700783330172,-0.040473458312439425
15.903874397277832,0,0.0,0.0840479241729115,1.116018642947402,0.21036814585199115,-0.11241830055729311,1.1469194360473538,-0.3,0.29469933709530693,-0.04635118964992779
15.956388711929321,0,0.0,0.08878742342845962,1.1179196281387083,0.22000985549214286,-0.10613274383997352,1.1512858197449982,-0.3,0.29238025090264974,-0.05004928740943493
16.006818771362305,0,0.0,0.09331608546823274,1.1198430541815412,0.22432593336093043,-0.1023533200732454,1.1562897524190021,-0.3,0.2935041083122172,-0.05467004735619141
16.0607488155365,0,0.0,0.09813310325434625,1.1220055402036295,0.23062097295267567,-0.09320976973317863,1.1615834710301602,-0.3,0.28701430948128737,-0.059366896239796074
16.11505103111267,0,0.0,0.10295489916005915,1.1242925754403696,0.2328162286675961,-0.08826442746896643,1.1640952645876914,-0.3,0.28682898994353834,-0.05970403372098265
16.17436146736145,0,0.0,0.10818711928806105,1.126915446651922,0.2355612569399315,-0.07648068760773911,1.1687999650732235,-0.3,0.27700171034370025,-0.06282677763195221
16.230732679367065,0,0.0,0.11312526193064443,1.1295284083750716,0.23619345124958235,-0.06378614833613337,1.1746475195077224,-0.3,0.2653671154001667,-0.06767866669897615
16.28435182571411,0,0.0,0.11778942321365168,1.1321216341621225,0.2357335347291453,-0.05687083247296794,1.1775031620907375,-0.3,0.2619903835299294,-0.06807229189292241
16.341657638549805,0,0.0,0.12273729445931879,1.1350085381849622,0.23273213387905406,-0.043127144906305016,1.1822843941902392,-0.3,0.24879665904843573,-0.07091378400791559
16.397207975387573,0,0.0,0.12749564025332766,1.137919930975619,0.22688436320443356,-0.028146499897479933,1.1879470740099052,-0.3,0.23346321022621142,-0.07504071455142935
16.4443576335907,0,0.0,0.1315039902974135,1.1404775994347618,0.22285451901303815,-0.020525768000797546,1.1910198068633486,-0.3,0.22804463744731657,-0.07581331114288026
16.50008225440979,0,0.0,0.136204057222245,1.1436020830683162,0.21258991577074438,-0.005750211197820026,1.1967311228324544,-0.3,0.21293140263009752,-0.07969355964620728
16.548408269882202,0,0.0,0.14024634683788909,1.146400195579173,0.20630973235267003,0.0012243937768260027,1.1992270281327309,-0.3,0.2085329295915946,-0.07924024883033687
16.598538637161255,0,0.0,0.14440539310690723,1.1493888955510467,0.1915301436152077,0.014577979316489555,1.2040683690540772,-0.28729521542281156,0.19474112068562652,-0.08201921025454573
16.654240131378174,0,0.0,0.14898459365731007,1.152811697962641,0.17405932916993352,0.027204096698077444,1.2090068391422188,-0.2610889937549003,0.18267074543884892,-0.0842927117693667
16.702948808670044,0,0.0,0.15295157544037846,1.1558919663947738,0.16436930157663568,0.033040360542808414,1.2113028324708126,-0.24655395236495353,0.17986682234635507,-0.08311629911405827
16.75393033027649,0,0.0,0.15706528899287145,1.1592022561535666,0.15408261465666032,0.03900145562700252,1.2120679780857484,-0.2311239219849905,0.1770957500488034,-0.07929858289827263
16.805772066116333,0,0.0,0.16120709207305428,1.1626580410447982,0.13292264853039076,0.051080936687719805,1.2171725445368244,-0.19938397279558615,0.1651892330780017,-0.08177175523803937
16.854756355285645,0,0.0,0.16508133369974634,1.1660055801825746,0.1217897478458516,0.057196072203454594,1.2184626131265774,-0.1826846217687774,0.1618278922444376,-0.07868554941600425
16.90101909637451,0,0.0,0.16870444379189303,1.1692397695681644,0.09835478441664057,0.06967653441822927,1.2194437778330214,-0.14753217662496085,0.14854186406049563,-0.0753060123972854
16.944256067276,0,0.0,0.17205838727222983,1.1723256050574884,0.08662588924167125,0.07650996949891309,1.22087329714639,-0.12993883386250688,0.1433226266599751,-0.07282153813335246
17.001664876937866,0,0.0,0.17646249519110718,1.176516219768654,0.06240875636029243,0.09087693112468029,1.2219746160042957,-0.09361313454043865,0.12837834609964033,-0.06818759435346244
17.047000408172607,0,0.0,0.17989991290622462,1.179899956371046,0.049787633416251226,0.09779363295341223,1.2234570757098737,-0.07468145012437684,0.12315941992921858,-0.06533567900824166
17.105044841766357,0,0.0,0.1842475761680578,1.184326946418163,0.024140628569908545,0.11035583320906997,1.2230854503951132,-0.036210942854862815,0.11083761443848172,-0.058137755965425364
17.162877798080444,0,0.0,0.18851847067763064,1.1888422016236282,-0.0015527995078360459,0.12188809783374147,1.2189290483789053,0.0023291992617540686,0.09994555926583376,-0.045130270132915595
17.216979026794434,0,0.0,0.1924574733096994,1.1931591191448025,-0.026996609441596566,0.1331295675285,1.214821415517993,0.04049491416239485,0.0889918586717991,-0.032493444559785756
17.267441034317017,0,0.0,0.19608142273572085,1.1972655709982816,-0.026996609441596566,0.1331295675285,1.214821415517993,0.04049491416239485,0.09442778281083128,-0.026333766779567225
17.3216769695282,0,0.0,0.19992142898277235,1.2017639347139435,-0.05230527297805075,0.14363140542831426,1.2097832805397097,0.07845790946707612,0.08443503533168713,-0.012029018738649366
17.378936529159546,0,0.0,0.2039125082220772,1.2066070091253598,-0.07664548634526142,0.1548663092429416,1.2025390654358508,0.11496822951789212,0.07356929846870343,0.006101915534263536
17.425478219985962,0,0.0,0.20710798187109244,1.2106135721671853,-0.08864754351248219,0.16074579145059956,1.1976751785803574,0.1329713152687233,0.06954328563073933,0.019407590380241868
17.474297285079956,0,0.0,0.21041222503790405,1.2148826501102135,-0.11217744363038175,0.1737087041433387,1.1909180857195096,0.16826616544557263,0.055055281341848034,0.035946846586055736
17.528868198394775,0,0.0,0.21404715443994965,1.2197340447958274,-0.13431043858413913,0.18599462807423145,1.1824388794974683,0.20146565787620868,0.0420787895485773,0.05594274794753862
17.580229997634888,0,0.0,0.21741087624764793,1.2243754215467715,-0.1447709441937776,0.19172437995491523,1.179326874783438,0.2171564162906664,0.03852974443909905,0.06757282014500021
17.63216805458069,0,0.0,0.22075477348075442,1.2291418411855113,-0.1641648011312277,0.2016770375124444,1.170349312676838,0.24624720169684156,0.028616603952465042,0.08818879276300984
17.680143117904663,0,0.0,0.2237913269319253,1.23360866884292,-0.17303305588192802,0.20640694977047302,1.1659324719691657,0.25954958382289206,0.026076565742178412,0.10151429531063139
17.727577209472656,0,0.0,0.22674366365767445,1.2380846243838106,-0.18990953722046527,0.2148892554625523,1.1589295317636663,0.2848643058306979,0.017781612292683227,0.11873263893021646
17.773040294647217,0,0.0,0.22952607560057456,1.2424291920633195,-0.19761002749102444,0.21871209042950884,1.155477832655406,0.29641504123653667,0.016220977756598573,0.13042703911187015
17.820130109786987,0,0.0,0.23235867479414818,1.2469845986315993,-0.20472506108689273,0.22192924299169908,1.1512766115331319,0.3,0.015644147703673644,0.1435619806477011
17.86649179458618,0,0.0,0.23509779951675763,1.2515236665421177,-0.21784908035234882,0.22792749766548992,1.1441231825547165,0.3,0.01075545277690157,0.1611007259811018
17.91582679748535,0,0.0,0.2379578068018798,1.2564117055100672,-0.22349616058645794,0.23030101256300053,1.1405088752757437,0.3,0.011485191358318908,0.1738542453514852
17.96754026412964,0,0.0,0.24089432343543637,1.2615981918913333,-0.23322205237834892,0.23393698875932706,1.1342816969347178,0.3,0.010436002014163975,0.19097474243492318
18.013251543045044,0,0.0,0.24343709474867284,1.266235138462882,-0.23730371112273296,0.23515222124708596,1.1320443648723324,0.3,0.012427310252380322,0.20128616038582448
18.06583333015442,0,0.0,0.24629993038867937,1.2716285898783624,-0.24312087928482456,0.23615348092886823,1.1265776974116122,0.3,0.015219674189716703,0.21757633870012527
18.117253065109253,0,0.0,0.24903450606326022,1.2769631229701022,-0.24500926971458628,0.23622492225146416,1.1245287513403588,0.3,0.01921437571769409,0.22865155744461507
18.157591104507446,0,0.0,0.2511342904993849,1.2811887951868783,-0.2465277377984427,0.23475437660930104,1.1198549095781993,0.3,0.024569870835125796,0.2420008284130185
18.208755254745483,0,0.0,0.25373956354686994,1.2865990361740232,-0.24623103268320673,0.23339772651895185,1.1186494191901675,0.3,0.03051275554187713,0.25192442547578353
18.26073169708252,0,0.0,0.2563190697714667,1.292151617346832,-0.2430220213717005,0.22983628131944706,1.1168628238948348,0.3,0.039724182678029435,0.26293319017799566
18.30573606491089,0,0.0,0.258497382266987,1.297004199885306,-0.2401798664353776,0.22774834712400385,1.1171236105839883,0.3,0.0461235527144747,0.26982088395197634
18.35886240005493,0,0.0,0.26100228134308784,1.3027846788295545,-0.23163678818881622,0.22248357111387018,1.1172809389077247,0.3,0.057778065343826485,0.27825560988274467
18.407369375228882,0,0.0,0.2632258998606941,1.3081105612655368,-0.22638496145651305,0.21970770645464846,1.1184594731662658,0.3,0.06527729010906848,0.2844766321489065
18.455368757247925,0,0.0,0.2653660812188551,1.31342457973702,-0.2204671834405278,0.21700303231449622,1.1203293453557166,0.3,0.07254457335653829,0.28964285157195524
18.500099897384644,0,0.0,0.2673062314938639,1.3184149854222602,-0.20641180987060712,0.21086255485202843,1.123004110792939,0.3,0.08466551496275321,0.2931163119439819
18.55786943435669,0,0.0,0.2697337417162754,1.3249129304616312,-0.18963732187654603,0.205738474623547,1.1292645901489684,0.28445598281481904,0.0959929006390926,0.29347251046899414
18.619332551956177,0,0.0,0.272218895676351,1.3318895979859378,-0.1803068526064232,0.20365326185381522,1.1337974441379777,0.2704602789096348,0.10284845073380366,0.2971382307719401
18.676221132278442,0,0.0,0.2744286632501906,1.3384029219916898,-0.15930090644168748,0.19993495452528856,1.1433223361340736,0.23895135966253123,0.11174056308735307,0.2926208787864242
18.726661682128906,0,0.0,0.2763146729145607,1.344221230759805,-0.13660307501960509,0.19756867995382238,1.1545606648269642,0.20490461252940761,0.11811898944110746,0.28449084889926113
18.77906346321106,0,0.0,0.27820052588298516,1.350307174381488,-0.12470692932900668,0.1970401154928285,1.1606732008701193,0.18706039399351002,0.12174061558523501,0.2844509602670532
18.83587908744812,0,0.0,0.2801600221888948,1.3569515266795174,-0.10028184771215082,0.19762811162561286,1.1744278277201186,0.15042277156822623,0.1237978658449229,0.2737855484390982
18.89432668685913,0,0.0,0.2820826602447754,1.3638342657609692,-0.07507331168107889,0.20115359907398508,1.1940437516719618,0.11260996752161834,0.12139359175618548,0.2546857711335112
18.95283579826355,0,0.0,0.28391206766220833,1.3707702281583027,-0.06233312188483364,0.20328425922263038,1.2032613027926018,0.09349968282725046,0.12094171265936693,0.2512633880485514
19.00300693511963,0,0.0,0.2854044020468504,1.376752626047144,-0.03634455233560297,0.20762301740794625,1.2223278034240201,0.05451682850340446,0.11667207695835624,0.23163723393468594
19.05599045753479,0,0.0,0.28690340800215886,1.3831035825908025,-0.010172880849687796,0.21378462287688224,1.2464582218673825,0.015259321274531695,0.10967817768791492,0.2049680410851299
19.107676029205322,0,0.0,0.2882891036022623,1.3893301788063726,0.003062164536865978,0.21694454666266216,1.2576398239391877,-0.004593246805298967,0.10701683540940019,0.19753553230077725
19.163696765899658,0,0.0,0.28970517662041256,1.3961119351153106,0.02960224092882812,0.22364325271730992,1.2836486723867895,-0.04440336139324218,0.09909288585465396,0.1686948940927817
19.21758794784546,0,0.0,0.29098274517443734,1.4026662830076193,0.055683587613340975,0.2300086234317934,1.3078471092274362,-0.08352538142001147,0.09146118261396591,0.14222876067027468
19.268094301223755,0,0.0,0.2921043664109929,1.4088343229925027,0.0686316530522907,0.23318841047034755,1.3198888944019807,-0.10294747957843606,0.08837393391096804,0.13341814288578302
19.306376457214355,0,0.0,0.2929055379302704,1.4135248696018055,0.08109293760924347,0.23642777648467006,1.3331894790354162,-0.1216394064138652,0.08471664216840052,0.12050308584958391
19.35186743736267,0,0.0,0.29380248356349287,1.4191148891391308,0.08080765758089266,0.22941969578531268,1.29069154138467,-0.121211486371339,0.09657418166727028,0.1926350216316911
19.404373168945312,0,0.0,0.2947631284376333,1.425587359333579,0.10277112316666111,0.23618832353125901,1.302377581809167,-0.15415668474999167,0.08786220735956143,0.18481466628661813
