mission_time,target_altitude,current_altitude,error,velocity_cmd,control_action,height_sonar,height_baro,velocity_z_measured,battery
0.0011096000671386719,1.5,0.48,1.02,1.0,CLIMB,0.48,-40.25,0.0,100
0.05349874496459961,1.5,0.48,1.02,1.0,CLIMB,0.48,-40.21,0.0,100
0.10699319839477539,1.5,0.48,1.02,1.0,CLIMB,0.48,-40.25,0.0,100
0.15991592407226562,1.5,0.48,1.02,1.0,CLIMB,0.48,-40.25,0.0,100
0.20205283164978027,1.5,0.48,1.02,1.0,CLIMB,0.48,-40.2,-0.01,100
0.2545015811920166,1.5,0.48,1.02,1.0,CLIMB,0.48,-40.2,-0.01,100
0.30763745307922363,1.5,0.5,1.0,1.0,CLIMB,0.5,-40.17,-0.03,100
0.3500816822052002,1.5,0.5,1.0,1.0,CLIMB,0.5,-40.17,-0.03,100
0.4027745723724365,1.5,0.55,0.95,1.0,CLIMB,0.55,-40.18,-0.05,100
0.45577311515808105,1.5,0.55,0.95,1.0,CLIMB,0.55,-40.18,-0.05,100
0.5082168579101562,1.5,0.6,0.9,1.0,CLIMB,0.6,-40.14,-0.07,100
0.5508072376251221,1.5,0.6,0.9,1.0,CLIMB,0.6,-40.14,-0.07,100
0.6034784317016602,1.5,0.6,0.9,1.0,CLIMB,0.6,-40.14,-0.07,100
0.6567752361297607,1.5,0.68,0.82,1.0,CLIMB,0.68,-40.01,-0.08,100
0.7103123664855957,1.5,0.76,0.74,1.0,CLIMB,0.76,-39.91,-0.09,100
0.7532742023468018,1.5,0.76,0.74,1.0,CLIMB,0.76,-39.91,-0.09,100
0.8078906536102295,1.5,0.76,0.74,1.0,CLIMB,0.76,-39.91,-0.09,100
0.8516132831573486,1.5,0.85,0.65,1.0,CLIMB,0.85,-39.91,-0.09,100
0.904548168182373,1.5,0.85,0.65,1.0,CLIMB,0.85,-39.91,-0.09,100
0.9586634635925293,1.5,0.94,0.56,1.0,CLIMB,0.94,-39.83,-0.09,100
1.0027117729187012,1.5,0.94,0.56,1.0,CLIMB,0.94,-39.83,-0.09,100
1.0562381744384766,1.5,1.04,0.45999999999999996,1.0,CLIMB,1.04,-39.75,-0.1,100
1.110307216644287,1.5,1.04,0.45999999999999996,1.0,CLIMB,1.04,-39.75,-0.1,100
1.153200387954712,1.5,1.14,0.3600000000000001,1.0,CLIMB,1.14,-39.59,-0.1,100
1.2059593200683594,1.5,1.14,0.3600000000000001,1.0,CLIMB,1.14,-39.59,-0.1,100
1.2586681842803955,1.5,1.24,0.26,1.0,CLIMB,1.24,-39.55,-0.1,100
1.3002650737762451,1.5,1.34,0.15999999999999992,1.0,CLIMB,1.34,-39.44,-0.1,100
1.3546581268310547,1.5,1.34,0.15999999999999992,1.0,CLIMB,1.34,-39.44,-0.1,100
1.4076316356658936,1.5,1.34,0.15999999999999992,1.0,CLIMB,1.34,-39.44,-0.1,100
1.4503273963928223,1.5,1.5,0.0,0.0,HOLD,1.5,-39.31,-0.1,100
1.5036680698394775,1.5,1.5,0.0,0.0,HOLD,1.5,-39.31,-0.1,100
1.5570688247680664,1.5,1.59,-0.09000000000000008,0.0,HOLD,1.59,-39.29,-0.1,100
1.6098175048828125,1.5,1.59,-0.09000000000000008,0.0,HOLD,1.59,-39.29,-0.1,100
1.6525421142578125,1.5,1.68,-0.17999999999999994,-0.8,DESCEND,1.68,-39.19,-0.09,100
1.7064378261566162,1.5,1.68,-0.17999999999999994,-0.8,DESCEND,1.68,-39.19,-0.09,100
1.750143051147461,1.5,1.77,-0.27,-0.8,DESCEND,1.77,-39.12,-0.08,100
1.8031835556030273,1.5,1.77,-0.27,-0.8,DESCEND,1.77,-39.12,-0.08,100
1.8575999736785889,1.5,1.83,-0.33000000000000007,-0.8,DESCEND,1.83,-39.08,-0.05,100
1.9001104831695557,1.5,1.86,-0.3600000000000001,-0.8,DESCEND,1.86,-39.05,-0.02,100
1.9541032314300537,1.5,1.86,-0.3600000000000001,-0.8,DESCEND,1.86,-39.05,-0.02,100
2.0076379776000977,1.5,1.85,-0.3500000000000001,-0.8,DESCEND,1.85,-39.01,0.0,100
2.0518176555633545,1.5,1.85,-0.3500000000000001,-0.8,DESCEND,1.85,-39.01,0.0,100
2.1054015159606934,1.5,1.82,-0.32000000000000006,-0.8,DESCEND,1.82,-39.06,0.03,100
2.158778667449951,1.5,1.82,-0.32000000000000006,-0.8,DESCEND,1.82,-39.06,0.03,100
2.2018301486968994,1.5,1.78,-0.28,-0.8,DESCEND,1.78,-39.1,0.04,100
2.255000352859497,1.5,1.78,-0.28,-0.8,DESCEND,1.78,-39.1,0.04,100
2.3082308769226074,1.5,1.71,-0.20999999999999996,-0.8,DESCEND,1.71,-39.12,0.05,100
2.351999521255493,1.5,1.71,-0.20999999999999996,-0.8,DESCEND,1.71,-39.12,0.05,100
2.4055802822113037,1.5,1.66,-0.15999999999999992,-0.8,DESCEND,1.66,-39.16,0.06,100
2.4586830139160156,1.5,1.66,-0.15999999999999992,-0.8,DESCEND,1.66,-39.16,0.06,100
2.5009708404541016,1.5,1.59,-0.09000000000000008,0.0,HOLD,1.59,-39.25,0.07,100
2.5538651943206787,1.5,1.59,-0.09000000000000008,0.0,HOLD,1.59,-39.25,0.07,100
2.6076910495758057,1.5,1.52,-0.020000000000000018,0.0,HOLD,1.52,-39.26,0.07,100
2.6506056785583496,1.5,1.52,-0.020000000000000018,0.0,HOLD,1.52,-39.26,0.07,100
2.7032337188720703,1.5,1.45,0.050000000000000044,0.0,HOLD,1.45,-39.38,0.06,100
2.7570784091949463,1.5,1.45,0.050000000000000044,0.0,HOLD,1.45,-39.38,0.06,100
2.8001699447631836,1.5,1.4,0.10000000000000009,1.0,CLIMB,1.4,-39.39,0.04,100
2.855113983154297,1.5,1.4,0.10000000000000009,1.0,CLIMB,1.4,-39.39,0.04,100
2.9091262817382812,1.5,1.37,0.1299999999999999,1.0,CLIMB,1.37,-39.46,0.03,100
2.951608419418335,1.5,1.37,0.1299999999999999,1.0,CLIMB,1.37,-39.46,0.03,100
3.005218505859375,1.5,1.36,0.1399999999999999,1.0,CLIMB,1.36,-39.39,0.0,100
3.0590381622314453,1.5,1.36,0.1399999999999999,1.0,CLIMB,1.36,-39.39,0.0,100
3.101489782333374,1.5,1.36,0.1399999999999999,1.0,CLIMB,1.36,-39.39,0.0,100
3.1546225547790527,1.5,1.38,0.1200000000000001,1.0,CLIMB,1.38,-39.32,-0.02,100
3.20920467376709,1.5,1.38,0.1200000000000001,1.0,CLIMB,1.38,-39.32,-0.02,100
3.252779960632324,1.5,1.43,0.07000000000000006,0.0,HOLD,1.43,-39.29,-0.04,100
3.307711362838745,1.5,1.43,0.07000000000000006,0.0,HOLD,1.43,-39.29,-0.04,100
3.3504254817962646,1.5,1.49,0.010000000000000009,0.0,HOLD,1.49,-39.32,-0.06,100
3.403561592102051,1.5,1.49,0.010000000000000009,0.0,HOLD,1.49,-39.32,-0.06,100
3.45636248588562,1.5,1.56,-0.06000000000000005,0.0,HOLD,1.56,-39.21,-0.08,100
3.509230852127075,1.5,1.56,-0.06000000000000005,0.0,HOLD,1.56,-39.21,-0.08,100
3.5515379905700684,1.5,1.64,-0.1399999999999999,-0.8,DESCEND,1.64,-39.19,-0.07,100
3.6053309440612793,1.5,1.64,-0.1399999999999999,-0.8,DESCEND,1.64,-39.19,-0.07,100
3.658874750137329,1.5,1.69,-0.18999999999999995,-0.8,DESCEND,1.69,-39.12,-0.05,100
3.7018911838531494,1.5,1.69,-0.18999999999999995,-0.8,DESCEND,1.69,-39.12,-0.05,100
3.755222797393799,1.5,1.72,-0.21999999999999997,-0.8,DESCEND,1.72,-39.14,-0.03,100
3.809711217880249,1.5,1.72,-0.21999999999999997,-0.8,DESCEND,1.72,-39.14,-0.03,100
3.8531501293182373,1.5,1.74,-0.24,-0.8,DESCEND,1.74,-39.09,-0.01,100
3.9066169261932373,1.5,1.74,-0.24,-0.8,DESCEND,1.74,-39.09,-0.01,100
3.95050311088562,1.5,1.73,-0.22999999999999998,-0.8,DESCEND,1.73,-39.15,0.01,100
4.003483057022095,1.5,1.73,-0.22999999999999998,-0.8,DESCEND,1.73,-39.15,0.01,100
4.057351350784302,1.5,1.69,-0.18999999999999995,-0.8,DESCEND,1.69,-39.11,0.03,100
4.1006550788879395,1.5,1.69,-0.18999999999999995,-0.8,DESCEND,1.69,-39.11,0.03,100
4.1541526317596436,1.5,1.65,-0.1499999999999999,-0.8,DESCEND,1.65,-39.17,0.05,100
4.208277463912964,1.5,1.65,-0.1499999999999999,-0.8,DESCEND,1.65,-39.17,0.05,100
4.25152325630188,1.5,1.6,-0.10000000000000009,-0.8,DESCEND,1.6,-39.3,0.06,100
4.3046555519104,1.5,1.6,-0.10000000000000009,-0.8,DESCEND,1.6,-39.3,0.06,100
4.359137296676636,1.5,1.53,-0.030000000000000027,0.0,HOLD,1.53,-39.27,0.06,100
4.403055191040039,1.5,1.53,-0.030000000000000027,0.0,HOLD,1.53,-39.27,0.06,100
4.455046653747559,1.5,1.46,0.040000000000000036,0.0,HOLD,1.46,-39.35,0.07,100
4.508208990097046,1.5,1.46,0.040000000000000036,0.0,HOLD,1.46,-39.35,0.07,100
4.5514044761657715,1.5,1.39,0.1100000000000001,1.0,CLIMB,1.39,-39.4,0.07,100
4.604645490646362,1.5,1.39,0.1100000000000001,1.0,CLIMB,1.39,-39.4,0.07,100
4.657182455062866,1.5,1.33,0.16999999999999993,1.0,CLIMB,1.33,-39.34,0.05,100
4.7100830078125,1.5,1.33,0.16999999999999993,1.0,CLIMB,1.33,-39.34,0.05,100
4.753795146942139,1.5,1.29,0.20999999999999996,1.0,CLIMB,1.29,-39.48,0.03,100
4.8069236278533936,1.5,1.29,0.20999999999999996,1.0,CLIMB,1.29,-39.48,0.03,100
4.850875616073608,1.5,1.28,0.21999999999999997,1.0,CLIMB,1.28,-39.44,0.0,100
4.904581785202026,1.5,1.28,0.21999999999999997,1.0,CLIMB,1.28,-39.44,0.0,100
4.958278179168701,1.5,1.3,0.19999999999999996,1.0,CLIMB,1.3,-39.38,-0.02,100
5.002155303955078,1.5,1.3,0.19999999999999996,1.0,CLIMB,1.3,-39.38,-0.02,100
5.055615663528442,1.5,1.35,0.1499999999999999,1.0,CLIMB,1.35,-39.36,-0.04,100
5.109133243560791,1.5,1.35,0.1499999999999999,1.0,CLIMB,1.35,-39.36,-0.04,100
5.15242338180542,1.5,1.42,0.08000000000000007,0.0,HOLD,1.42,-39.39,-0.06,100
5.206820964813232,1.5,1.42,0.08000000000000007,0.0,HOLD,1.42,-39.39,-0.06,100
5.260023593902588,1.5,1.5,0.0,0.0,HOLD,1.5,-39.36,-0.08,100
5.302825212478638,1.5,1.5,0.0,0.0,HOLD,1.5,-39.36,-0.08,100
5.35552453994751,1.5,1.59,-0.09000000000000008,0.0,HOLD,1.59,-39.27,-0.09,100
5.409957408905029,1.5,1.59,-0.09000000000000008,0.0,HOLD,1.59,-39.27,-0.09,100
5.452852725982666,1.5,1.66,-0.15999999999999992,-0.8,DESCEND,1.66,-39.19,-0.07,100
5.505600452423096,1.5,1.66,-0.15999999999999992,-0.8,DESCEND,1.66,-39.19,-0.07,100
5.559114933013916,1.5,1.72,-0.21999999999999997,-0.8,DESCEND,1.72,-39.15,-0.06,100
5.60195779800415,1.5,1.72,-0.21999999999999997,-0.8,DESCEND,1.72,-39.15,-0.06,100
5.655155181884766,1.5,1.72,-0.21999999999999997,-0.8,DESCEND,1.72,-39.15,-0.06,100
5.708639144897461,1.5,1.76,-0.26,-0.8,DESCEND,1.76,-39.13,-0.04,100
5.7521586418151855,1.5,1.76,-0.26,-0.8,DESCEND,1.76,-39.13,-0.04,100
5.800664663314819,1.5,1.78,-0.28,-0.8,DESCEND,1.78,-39.11,-0.01,100
5.853067398071289,1.5,1.77,-0.27,-0.8,DESCEND,1.77,-39.1,0.01,100
5.905698776245117,1.5,1.77,-0.27,-0.8,DESCEND,1.77,-39.1,0.01,100
5.958150863647461,1.5,1.74,-0.24,-0.8,DESCEND,1.74,-39.12,0.03,100
6.0012311935424805,1.5,1.74,-0.24,-0.8,DESCEND,1.74,-39.12,0.03,100
6.056077718734741,1.5,1.7,-0.19999999999999996,-0.8,DESCEND,1.7,-39.04,0.05,100
6.110097885131836,1.5,1.7,-0.19999999999999996,-0.8,DESCEND,1.7,-39.04,0.05,100
6.153046369552612,1.5,1.64,-0.1399999999999999,-0.8,DESCEND,1.64,-39.16,0.06,100
6.206337928771973,1.5,1.64,-0.1399999999999999,-0.8,DESCEND,1.64,-39.16,0.06,100
6.259606599807739,1.5,1.57,-0.07000000000000006,0.0,HOLD,1.57,-39.27,0.06,100
6.3024678230285645,1.5,1.57,-0.07000000000000006,0.0,HOLD,1.57,-39.27,0.06,100
6.356022357940674,1.5,1.51,-0.010000000000000009,0.0,HOLD,1.51,-39.26,0.07,100
6.4096574783325195,1.5,1.51,-0.010000000000000009,0.0,HOLD,1.51,-39.26,0.07,100
6.4518654346466064,1.5,1.51,-0.010000000000000009,0.0,HOLD,1.51,-39.26,0.07,100
6.505013465881348,1.5,1.43,0.07000000000000006,0.0,HOLD,1.43,-39.4,0.07,100
6.558048486709595,1.5,1.38,0.1200000000000001,1.0,CLIMB,1.38,-39.44,0.05,100
6.6002421379089355,1.5,1.38,0.1200000000000001,1.0,CLIMB,1.38,-39.44,0.05,100
6.652586221694946,1.5,1.34,0.15999999999999992,1.0,CLIMB,1.34,-39.46,0.03,100
6.705855131149292,1.5,1.34,0.15999999999999992,1.0,CLIMB,1.34,-39.46,0.03,100
6.758862733840942,1.5,1.32,0.17999999999999994,1.0,CLIMB,1.32,-39.39,0.02,100
6.802347421646118,1.5,1.32,0.17999999999999994,1.0,CLIMB,1.32,-39.39,0.02,100
6.856455564498901,1.5,1.31,0.18999999999999995,1.0,CLIMB,1.31,-39.45,0.0,100
6.900324583053589,1.5,1.31,0.18999999999999995,1.0,CLIMB,1.31,-39.45,0.0,100
6.956522464752197,1.5,1.34,0.15999999999999992,1.0,CLIMB,1.34,-39.47,-0.02,100
7.009286880493164,1.5,1.34,0.15999999999999992,1.0,CLIMB,1.34,-39.47,-0.02,100
7.052404880523682,1.5,1.38,0.1200000000000001,1.0,CLIMB,1.38,-39.29,-0.05,100
7.105604648590088,1.5,1.38,0.1200000000000001,1.0,CLIMB,1.38,-39.29,-0.05,100
7.159175395965576,1.5,1.44,0.06000000000000005,0.0,HOLD,1.44,-39.29,-0.06,100
7.201239824295044,1.5,1.44,0.06000000000000005,0.0,HOLD,1.44,-39.29,-0.06,100
7.254793882369995,1.5,1.53,-0.030000000000000027,0.0,HOLD,1.53,-39.24,-0.08,100
7.309062242507935,1.5,1.53,-0.030000000000000027,0.0,HOLD,1.53,-39.24,-0.08,100
7.352830410003662,1.5,1.62,-0.1200000000000001,-0.8,DESCEND,1.62,-39.23,-0.08,100
7.40654182434082,1.5,1.62,-0.1200000000000001,-0.8,DESCEND,1.62,-39.23,-0.08,100
7.460024356842041,1.5,1.72,-0.21999999999999997,-0.8,DESCEND,1.72,-39.17,-0.07,100
7.502561807632446,1.5,1.72,-0.21999999999999997,-0.8,DESCEND,1.72,-39.17,-0.07,100
7.556056261062622,1.5,1.78,-0.28,-0.8,DESCEND,1.78,-39.12,-0.06,99
7.609472751617432,1.5,1.78,-0.28,-0.8,DESCEND,1.78,-39.12,-0.06,99
7.6535773277282715,1.5,1.79,-0.29000000000000004,-0.8,DESCEND,1.79,-39.06,-0.03,99
7.707174062728882,1.5,1.79,-0.29000000000000004,-0.8,DESCEND,1.79,-39.06,-0.03,99
7.750394821166992,1.5,1.79,-0.29000000000000004,-0.8,DESCEND,1.79,-39.0,0.0,99
7.804722309112549,1.5,1.79,-0.29000000000000004,-0.8,DESCEND,1.79,-39.0,0.0,99
7.858724117279053,1.5,1.77,-0.27,-0.8,DESCEND,1.77,-39.08,0.02,99
7.901368856430054,1.5,1.77,-0.27,-0.8,DESCEND,1.77,-39.08,0.02,99
7.955245733261108,1.5,1.72,-0.21999999999999997,-0.8,DESCEND,1.72,-39.12,0.04,99
8.00866985321045,1.5,1.72,-0.21999999999999997,-0.8,DESCEND,1.72,-39.12,0.04,99
8.051996946334839,1.5,1.72,-0.21999999999999997,-0.8,DESCEND,1.72,-39.12,0.04,99
8.10700249671936,1.5,1.66,-0.15999999999999992,-0.8,DESCEND,1.66,-39.09,0.05,99
8.150057554244995,1.5,1.66,-0.15999999999999992,-0.8,DESCEND,1.66,-39.09,0.05,99
8.203983068466187,1.5,1.6,-0.10000000000000009,-0.8,DESCEND,1.6,-39.14,0.06,99
8.257139682769775,1.5,1.54,-0.040000000000000036,0.0,HOLD,1.54,-39.27,0.06,99
8.302788734436035,1.5,1.54,-0.040000000000000036,0.0,HOLD,1.54,-39.27,0.06,99
8.356739282608032,1.5,1.54,-0.040000000000000036,0.0,HOLD,1.54,-39.27,0.06,99
8.400165557861328,1.5,1.47,0.030000000000000027,0.0,HOLD,1.47,-39.37,0.07,99
8.453378200531006,1.5,1.47,0.030000000000000027,0.0,HOLD,1.47,-39.37,0.07,99
8.506211757659912,1.5,1.4,0.10000000000000009,1.0,CLIMB,1.4,-39.38,0.07,99
8.559385061264038,1.5,1.4,0.10000000000000009,1.0,CLIMB,1.4,-39.38,0.07,99
8.60128664970398,1.5,1.35,0.1499999999999999,1.0,CLIMB,1.35,-39.35,0.05,99
8.654530763626099,1.5,1.35,0.1499999999999999,1.0,CLIMB,1.35,-39.35,0.05,99
8.708014965057373,1.5,1.32,0.17999999999999994,1.0,CLIMB,1.32,-39.35,0.03,99
8.751412153244019,1.5,1.32,0.17999999999999994,1.0,CLIMB,1.32,-39.35,0.03,99
8.804602861404419,1.5,1.32,0.17999999999999994,1.0,CLIMB,1.32,-39.39,0.01,99
8.858251094818115,1.5,1.32,0.17999999999999994,1.0,CLIMB,1.32,-39.39,0.01,99
8.900874614715576,1.5,1.33,0.16999999999999993,1.0,CLIMB,1.33,-39.41,-0.01,99
8.953707456588745,1.5,1.33,0.16999999999999993,1.0,CLIMB,1.33,-39.41,-0.01,99
9.007293701171875,1.5,1.38,0.1200000000000001,1.0,CLIMB,1.38,-39.42,-0.04,99
9.05034875869751,1.5,1.38,0.1200000000000001,1.0,CLIMB,1.38,-39.42,-0.04,99
9.10447907447815,1.5,1.45,0.050000000000000044,0.0,HOLD,1.45,-39.32,-0.06,99
9.157670259475708,1.5,1.45,0.050000000000000044,0.0,HOLD,1.45,-39.32,-0.06,99
9.200881242752075,1.5,1.53,-0.030000000000000027,0.0,HOLD,1.53,-39.09,-0.07,99
9.253452062606812,1.5,1.53,-0.030000000000000027,0.0,HOLD,1.53,-39.09,-0.07,99
9.307130813598633,1.5,1.63,-0.1299999999999999,-0.8,DESCEND,1.63,-39.14,-0.08,99
9.351826667785645,1.5,1.63,-0.1299999999999999,-0.8,DESCEND,1.63,-39.14,-0.08,99
9.40529179573059,1.5,1.69,-0.18999999999999995,-0.8,DESCEND,1.69,-39.09,-0.08,99
9.45804476737976,1.5,1.69,-0.18999999999999995,-0.8,DESCEND,1.69,-39.09,-0.08,99
9.500460624694824,1.5,1.76,-0.26,-0.8,DESCEND,1.76,-39.07,-0.07,99
9.554354190826416,1.5,1.76,-0.26,-0.8,DESCEND,1.76,-39.07,-0.07,99
9.60749864578247,1.5,1.79,-0.29000000000000004,-0.8,DESCEND,1.79,-39.0,-0.04,98
9.651764154434204,1.5,1.79,-0.29000000000000004,-0.8,DESCEND,1.79,-39.0,-0.04,98
9.706622838973999,1.5,1.8,-0.30000000000000004,-0.8,DESCEND,1.8,-39.01,-0.01,98
9.759836196899414,1.5,1.8,-0.30000000000000004,-0.8,DESCEND,1.8,-39.01,-0.01,98
9.80188512802124,1.5,1.77,-0.27,-0.8,DESCEND,1.77,-39.04,0.01,98
9.854846239089966,1.5,1.77,-0.27,-0.8,DESCEND,1.77,-39.04,0.01,98
9.909299850463867,1.5,1.74,-0.24,-0.8,DESCEND,1.74,-38.99,0.03,98
9.952475786209106,1.5,1.74,-0.24,-0.8,DESCEND,1.74,-38.99,0.03,98
10.00569200515747,1.5,1.69,-0.18999999999999995,-0.8,DESCEND,1.69,-38.97,0.05,98
10.059423923492432,1.5,1.69,-0.18999999999999995,-0.8,DESCEND,1.69,-38.97,0.05,98
10.102050304412842,1.5,1.62,-0.1200000000000001,-0.8,DESCEND,1.62,-39.18,0.06,98
10.155800342559814,1.5,1.55,-0.050000000000000044,0.0,HOLD,1.55,-39.21,0.06,98
10.208630561828613,1.5,1.55,-0.050000000000000044,0.0,HOLD,1.55,-39.21,0.06,98
10.251869916915894,1.5,1.48,0.020000000000000018,0.0,HOLD,1.48,-39.2,0.07,98
10.305338621139526,1.5,1.48,0.020000000000000018,0.0,HOLD,1.48,-39.2,0.07,98
10.359884262084961,1.5,1.41,0.09000000000000008,0.0,HOLD,1.41,-39.23,0.07,98
10.403594493865967,1.5,1.41,0.09000000000000008,0.0,HOLD,1.41,-39.23,0.07,98
10.45626187324524,1.5,1.36,0.1399999999999999,1.0,CLIMB,1.36,-39.23,0.05,98
10.509496927261353,1.5,1.36,0.1399999999999999,1.0,CLIMB,1.36,-39.23,0.05,98
10.552961826324463,1.5,1.33,0.16999999999999993,1.0,CLIMB,1.33,-39.23,0.04,98
10.606712341308594,1.5,1.33,0.16999999999999993,1.0,CLIMB,1.33,-39.23,0.04,98
10.659876346588135,1.5,1.31,0.18999999999999995,1.0,CLIMB,1.31,-39.39,0.02,98
10.702480792999268,1.5,1.31,0.18999999999999995,1.0,CLIMB,1.31,-39.39,0.02,98
10.756157636642456,1.5,1.31,0.18999999999999995,1.0,CLIMB,1.31,-39.37,0.0,98
10.809232234954834,1.5,1.31,0.18999999999999995,1.0,CLIMB,1.31,-39.37,0.0,98
10.851629734039307,1.5,1.31,0.18999999999999995,1.0,CLIMB,1.31,-39.37,0.0,98
10.905220031738281,1.5,1.34,0.15999999999999992,1.0,CLIMB,1.34,-39.35,-0.02,98
10.959644794464111,1.5,1.41,0.09000000000000008,0.0,HOLD,1.41,-39.27,-0.05,98
11.002412796020508,1.5,1.41,0.09000000000000008,0.0,HOLD,1.41,-39.27,-0.05,98
11.05612301826477,1.5,1.41,0.09000000000000008,0.0,HOLD,1.41,-39.27,-0.05,98
11.10034966468811,1.5,1.47,0.030000000000000027,0.0,HOLD,1.47,-39.26,-0.07,98
11.154749870300293,1.5,1.47,0.030000000000000027,0.0,HOLD,1.47,-39.26,-0.07,98
11.20855450630188,1.5,1.55,-0.050000000000000044,0.0,HOLD,1.55,-39.25,-0.08,98
11.252158641815186,1.5,1.55,-0.050000000000000044,0.0,HOLD,1.55,-39.25,-0.08,98
11.305915832519531,1.5,1.62,-0.1200000000000001,-0.8,DESCEND,1.62,-39.27,-0.07,98
11.359683752059937,1.5,1.62,-0.1200000000000001,-0.8,DESCEND,1.62,-39.27,-0.07,98
11.40279483795166,1.5,1.67,-0.16999999999999993,-0.8,DESCEND,1.67,-39.14,-0.05,98
11.456280708312988,1.5,1.67,-0.16999999999999993,-0.8,DESCEND,1.67,-39.14,-0.05,98
11.50985312461853,1.5,1.7,-0.19999999999999996,-0.8,DESCEND,1.7,-39.09,-0.02,98
11.554158210754395,1.5,1.7,-0.19999999999999996,-0.8,DESCEND,1.7,-39.09,-0.02,98
11.60728907585144,1.5,1.72,-0.21999999999999997,-0.8,DESCEND,1.72,-39.12,0.0,97
11.66057300567627,1.5,1.72,-0.21999999999999997,-0.8,DESCEND,1.72,-39.12,0.0,97
11.703428983688354,1.5,1.7,-0.19999999999999996,-0.8,DESCEND,1.7,-39.11,0.02,97
11.75687050819397,1.5,1.7,-0.19999999999999996,-0.8,DESCEND,1.7,-39.11,0.02,97
11.801758766174316,1.5,1.67,-0.16999999999999993,-0.8,DESCEND,1.67,-39.11,0.04,97
11.85522747039795,1.5,1.67,-0.16999999999999993,-0.8,DESCEND,1.67,-39.11,0.04,97
11.909160137176514,1.5,1.62,-0.1200000000000001,-0.8,DESCEND,1.62,-39.19,0.05,97
11.952218294143677,1.5,1.62,-0.1200000000000001,-0.8,DESCEND,1.62,-39.19,0.05,97
12.005909442901611,1.5,1.56,-0.06000000000000005,0.0,HOLD,1.56,-39.18,0.06,97
12.059621095657349,1.5,1.56,-0.06000000000000005,0.0,HOLD,1.56,-39.18,0.06,97
12.102140188217163,1.5,1.5,0.0,0.0,HOLD,1.5,-39.24,0.06,97
12.155959129333496,1.5,1.5,0.0,0.0,HOLD,1.5,-39.24,0.06,97
12.210095882415771,1.5,1.43,0.07000000000000006,0.0,HOLD,1.43,-39.17,0.06,97
12.253099203109741,1.5,1.43,0.07000000000000006,0.0,HOLD,1.43,-39.17,0.06,97
12.307016134262085,1.5,1.37,0.1299999999999999,1.0,CLIMB,1.37,-39.37,0.04,97
12.350286483764648,1.5,1.37,0.1299999999999999,1.0,CLIMB,1.37,-39.37,0.04,97
12.403248071670532,1.5,1.33,0.16999999999999993,1.0,CLIMB,1.33,-39.35,0.03,97
12.456847429275513,1.5,1.33,0.16999999999999993,1.0,CLIMB,1.33,-39.35,0.03,97
12.509806632995605,1.5,1.3,0.19999999999999996,1.0,CLIMB,1.3,-39.37,0.01,97
12.552098274230957,1.5,1.3,0.19999999999999996,1.0,CLIMB,1.3,-39.37,0.01,97
12.60481309890747,1.5,1.29,0.20999999999999996,1.0,CLIMB,1.29,-39.37,-0.01,97
12.657666206359863,1.5,1.29,0.20999999999999996,1.0,CLIMB,1.29,-39.37,-0.01,97
12.700059175491333,1.5,1.31,0.18999999999999995,1.0,CLIMB,1.31,-39.33,-0.03,97
12.753204822540283,1.5,1.31,0.18999999999999995,1.0,CLIMB,1.31,-39.33,-0.03,97
12.8062105178833,1.5,1.36,0.1399999999999999,1.0,CLIMB,1.36,-39.31,-0.05,97
12.851158618927002,1.5,1.36,0.1399999999999999,1.0,CLIMB,1.36,-39.31,-0.05,97
12.905038833618164,1.5,1.42,0.08000000000000007,0.0,HOLD,1.42,-39.29,-0.07,97
12.958677291870117,1.5,1.42,0.08000000000000007,0.0,HOLD,1.42,-39.29,-0.07,97
13.001468896865845,1.5,1.42,0.08000000000000007,0.0,HOLD,1.42,-39.29,-0.07,97
13.054566383361816,1.5,1.49,0.010000000000000009,0.0,HOLD,1.49,-39.21,-0.08,97
13.107922554016113,1.5,1.59,-0.09000000000000008,0.0,HOLD,1.59,-39.27,-0.08,97
13.152930736541748,1.5,1.59,-0.09000000000000008,0.0,HOLD,1.59,-39.27,-0.08,97
13.206753253936768,1.5,1.68,-0.17999999999999994,-0.8,DESCEND,1.68,-39.18,-0.07,97
13.260189771652222,1.5,1.68,-0.17999999999999994,-0.8,DESCEND,1.68,-39.18,-0.07,97
13.303664922714233,1.5,1.68,-0.17999999999999994,-0.8,DESCEND,1.68,-39.18,-0.07,97
13.358690977096558,1.5,1.74,-0.24,-0.8,DESCEND,1.74,-39.07,-0.05,97
13.403026580810547,1.5,1.74,-0.24,-0.8,DESCEND,1.74,-39.07,-0.05,97
13.456609964370728,1.5,1.78,-0.28,-0.8,DESCEND,1.78,-39.1,-0.03,97
13.502030372619629,1.5,1.78,-0.28,-0.8,DESCEND,1.78,-39.1,-0.03,97
13.556857824325562,1.5,1.8,-0.30000000000000004,-0.8,DESCEND,1.8,-39.06,0.0,97
13.610431909561157,1.5,1.8,-0.30000000000000004,-0.8,DESCEND,1.8,-39.06,0.0,97
13.652868747711182,1.5,1.8,-0.30000000000000004,-0.8,DESCEND,1.8,-39.04,0.02,96
13.706835746765137,1.5,1.8,-0.30000000000000004,-0.8,DESCEND,1.8,-39.04,0.02,96
13.760279655456543,1.5,1.77,-0.27,-0.8,DESCEND,1.77,-39.04,0.04,96
13.803617000579834,1.5,1.77,-0.27,-0.8,DESCEND,1.77,-39.04,0.04,96
13.857248544692993,1.5,1.72,-0.21999999999999997,-0.8,DESCEND,1.72,-39.12,0.05,96
13.902233123779297,1.5,1.72,-0.21999999999999997,-0.8,DESCEND,1.72,-39.12,0.05,96
13.955648183822632,1.5,1.67,-0.16999999999999993,-0.8,DESCEND,1.67,-39.21,0.06,96
14.000600099563599,1.5,1.61,-0.1100000000000001,-0.8,DESCEND,1.61,-39.23,0.07,96
14.05517578125,1.5,1.61,-0.1100000000000001,-0.8,DESCEND,1.61,-39.23,0.07,96
14.11016058921814,1.5,1.54,-0.040000000000000036,0.0,HOLD,1.54,-39.25,0.07,96
14.154011011123657,1.5,1.54,-0.040000000000000036,0.0,HOLD,1.54,-39.25,0.07,96
14.207288265228271,1.5,1.47,0.030000000000000027,0.0,HOLD,1.47,-39.3,0.07,96
14.250922441482544,1.5,1.47,0.030000000000000027,0.0,HOLD,1.47,-39.3,0.07,96
14.304104566574097,1.5,1.39,0.1100000000000001,1.0,CLIMB,1.39,-39.32,0.06,96
14.35733437538147,1.5,1.39,0.1100000000000001,1.0,CLIMB,1.39,-39.32,0.06,96
14.400885581970215,1.5,1.34,0.15999999999999992,1.0,CLIMB,1.34,-39.41,0.04,96
14.455228805541992,1.5,1.34,0.15999999999999992,1.0,CLIMB,1.34,-39.41,0.04,96
14.508086919784546,1.5,1.34,0.15999999999999992,1.0,CLIMB,1.34,-39.41,0.04,96
14.550859451293945,1.5,1.28,0.21999999999999997,1.0,CLIMB,1.28,-39.34,0.02,96
14.604074478149414,1.5,1.29,0.20999999999999996,1.0,CLIMB,1.29,-39.46,0.0,96
14.657339334487915,1.5,1.29,0.20999999999999996,1.0,CLIMB,1.29,-39.46,0.0,96
14.700233221054077,1.5,1.33,0.16999999999999993,1.0,CLIMB,1.33,-39.33,-0.03,96
14.753551006317139,1.5,1.33,0.16999999999999993,1.0,CLIMB,1.33,-39.33,-0.03,96
14.80735969543457,1.5,1.37,0.1299999999999999,1.0,CLIMB,1.37,-39.33,-0.05,96
14.850240468978882,1.5,1.37,0.1299999999999999,1.0,CLIMB,1.37,-39.33,-0.05,96
14.904274463653564,1.5,1.44,0.06000000000000005,0.0,HOLD,1.44,-39.28,-0.07,96
14.957588911056519,1.5,1.44,0.06000000000000005,0.0,HOLD,1.44,-39.28,-0.07,96
15.010237693786621,1.5,1.53,-0.030000000000000027,0.0,HOLD,1.53,-39.26,-0.08,96
15.053075075149536,1.5,1.53,-0.030000000000000027,0.0,HOLD,1.53,-39.26,-0.08,96
15.106200933456421,1.5,1.61,-0.1100000000000001,-0.8,DESCEND,1.61,-39.23,-0.08,96
15.159228563308716,1.5,1.61,-0.1100000000000001,-0.8,DESCEND,1.61,-39.23,-0.08,96
15.20183539390564,1.5,1.69,-0.18999999999999995,-0.8,DESCEND,1.69,-39.17,-0.07,96
15.2559494972229,1.5,1.69,-0.18999999999999995,-0.8,DESCEND,1.69,-39.17,-0.07,96
15.300171375274658,1.5,1.73,-0.22999999999999998,-0.8,DESCEND,1.73,-39.11,-0.04,96
15.354430913925171,1.5,1.73,-0.22999999999999998,-0.8,DESCEND,1.73,-39.11,-0.04,96
15.408007621765137,1.5,1.75,-0.25,-0.8,DESCEND,1.75,-39.08,-0.01,96
15.450997591018677,1.5,1.75,-0.25,-0.8,DESCEND,1.75,-39.08,-0.01,96
15.504819631576538,1.5,1.75,-0.25,-0.8,DESCEND,1.75,-39.07,0.01,96
15.558177471160889,1.5,1.75,-0.25,-0.8,DESCEND,1.75,-39.07,0.01,96
15.60084342956543,1.5,1.75,-0.25,-0.8,DESCEND,1.75,-39.07,0.01,96
15.653541564941406,1.5,1.71,-0.20999999999999996,-0.8,DESCEND,1.71,-39.13,0.03,95
15.706573247909546,1.5,1.67,-0.16999999999999993,-0.8,DESCEND,1.67,-39.14,0.04,95
15.75972056388855,1.5,1.67,-0.16999999999999993,-0.8,DESCEND,1.67,-39.14,0.04,95
15.803347110748291,1.5,1.67,-0.16999999999999993,-0.8,DESCEND,1.67,-39.14,0.04,95
15.856480360031128,1.5,1.62,-0.1200000000000001,-0.8,DESCEND,1.62,-39.15,0.05,95
15.910219430923462,1.5,1.54,-0.040000000000000036,0.0,HOLD,1.54,-39.24,0.06,95
15.954084396362305,1.5,1.54,-0.040000000000000036,0.0,HOLD,1.54,-39.24,0.06,95
16.007526397705078,1.5,1.54,-0.040000000000000036,0.0,HOLD,1.54,-39.24,0.06,95
16.05126190185547,1.5,1.48,0.020000000000000018,0.0,HOLD,1.48,-39.33,0.07,95
16.10547685623169,1.5,1.48,0.020000000000000018,0.0,HOLD,1.48,-39.33,0.07,95
16.158693552017212,1.5,1.41,0.09000000000000008,0.0,HOLD,1.41,-39.25,0.06,95
16.20097017288208,1.5,1.41,0.09000000000000008,0.0,HOLD,1.41,-39.25,0.06,95
16.253163814544678,1.5,1.36,0.1399999999999999,1.0,CLIMB,1.36,-39.36,0.04,95
16.30632781982422,1.5,1.36,0.1399999999999999,1.0,CLIMB,1.36,-39.36,0.04,95
16.359732151031494,1.5,1.33,0.16999999999999993,1.0,CLIMB,1.33,-39.42,0.03,95
16.402859926223755,1.5,1.33,0.16999999999999993,1.0,CLIMB,1.33,-39.42,0.03,95
16.455873012542725,1.5,1.31,0.18999999999999995,1.0,CLIMB,1.31,-39.35,0.02,95
16.508917570114136,1.5,1.31,0.18999999999999995,1.0,CLIMB,1.31,-39.35,0.02,95
16.551422119140625,1.5,1.31,0.18999999999999995,1.0,CLIMB,1.31,-39.44,0.0,95
16.6045138835907,1.5,1.31,0.18999999999999995,1.0,CLIMB,1.31,-39.44,0.0,95
16.65700936317444,1.5,1.33,0.16999999999999993,1.0,CLIMB,1.33,-39.31,-0.03,95
16.709836959838867,1.5,1.33,0.16999999999999993,1.0,CLIMB,1.33,-39.31,-0.03,95
16.75223398208618,1.5,1.38,0.1200000000000001,1.0,CLIMB,1.38,-39.22,-0.05,95
16.80638575553894,1.5,1.38,0.1200000000000001,1.0,CLIMB,1.38,-39.22,-0.05,95
16.859451055526733,1.5,1.45,0.050000000000000044,0.0,HOLD,1.45,-39.23,-0.07,95
16.903218507766724,1.5,1.45,0.050000000000000044,0.0,HOLD,1.45,-39.23,-0.07,95
16.9570791721344,1.5,1.54,-0.040000000000000036,0.0,HOLD,1.54,-39.25,-0.08,95
17.009777069091797,1.5,1.54,-0.040000000000000036,0.0,HOLD,1.54,-39.25,-0.08,95
17.05288577079773,1.5,1.62,-0.1200000000000001,-0.8,DESCEND,1.62,-39.18,-0.09,95
17.10727596282959,1.5,1.62,-0.1200000000000001,-0.8,DESCEND,1.62,-39.18,-0.09,95
17.150380611419678,1.5,1.7,-0.19999999999999996,-0.8,DESCEND,1.7,-39.07,-0.07,95
17.20430016517639,1.5,1.7,-0.19999999999999996,-0.8,DESCEND,1.7,-39.07,-0.07,95
17.257171869277954,1.5,1.76,-0.26,-0.8,DESCEND,1.76,-39.04,-0.05,95
17.31022810935974,1.5,1.76,-0.26,-0.8,DESCEND,1.76,-39.04,-0.05,95
17.352937936782837,1.5,1.79,-0.29000000000000004,-0.8,DESCEND,1.79,-38.97,-0.02,95
17.406142234802246,1.5,1.79,-0.29000000000000004,-0.8,DESCEND,1.79,-38.97,-0.02,95
17.459757566452026,1.5,1.79,-0.29000000000000004,-0.8,DESCEND,1.79,-39.01,0.0,95
17.502254009246826,1.5,1.79,-0.29000000000000004,-0.8,DESCEND,1.79,-39.01,0.0,95
17.556769371032715,1.5,1.77,-0.27,-0.8,DESCEND,1.77,-39.04,0.02,94
17.601412296295166,1.5,1.77,-0.27,-0.8,DESCEND,1.77,-39.04,0.02,94
17.654852390289307,1.5,1.73,-0.22999999999999998,-0.8,DESCEND,1.73,-38.97,0.04,94
17.707845211029053,1.5,1.73,-0.22999999999999998,-0.8,DESCEND,1.73,-38.97,0.04,94
17.75092053413391,1.5,1.67,-0.16999999999999993,-0.8,DESCEND,1.67,-39.1,0.05,94
17.80458354949951,1.5,1.67,-0.16999999999999993,-0.8,DESCEND,1.67,-39.1,0.05,94
17.857857704162598,1.5,1.62,-0.1200000000000001,-0.8,DESCEND,1.62,-39.19,0.06,94
17.9010169506073,1.5,1.62,-0.1200000000000001,-0.8,DESCEND,1.62,-39.19,0.06,94
17.955137968063354,1.5,1.54,-0.040000000000000036,0.0,HOLD,1.54,-39.27,0.07,94
18.008606672286987,1.5,1.54,-0.040000000000000036,0.0,HOLD,1.54,-39.27,0.07,94
18.052338123321533,1.5,1.48,0.020000000000000018,0.0,HOLD,1.48,-39.34,0.07,94
18.10646677017212,1.5,1.48,0.020000000000000018,0.0,HOLD,1.48,-39.34,0.07,94
18.15956211090088,1.5,1.4,0.10000000000000009,1.0,CLIMB,1.4,-39.31,0.07,94
18.20292592048645,1.5,1.4,0.10000000000000009,1.0,CLIMB,1.4,-39.31,0.07,94
18.255903959274292,1.5,1.34,0.15999999999999992,1.0,CLIMB,1.34,-39.4,0.05,94
18.309696435928345,1.5,1.31,0.18999999999999995,1.0,CLIMB,1.31,-39.37,0.03,94
18.353334426879883,1.5,1.31,0.18999999999999995,1.0,CLIMB,1.31,-39.37,0.03,94
18.40717840194702,1.5,1.3,0.19999999999999996,1.0,CLIMB,1.3,-39.37,0.01,94
18.45050811767578,1.5,1.3,0.19999999999999996,1.0,CLIMB,1.3,-39.37,0.01,94
18.503026247024536,1.5,1.3,0.19999999999999996,1.0,CLIMB,1.3,-39.37,0.01,94
18.55636477470398,1.5,1.3,0.19999999999999996,1.0,CLIMB,1.3,-39.37,0.01,94
18.608975648880005,1.5,1.31,0.18999999999999995,1.0,CLIMB,1.31,-39.35,-0.01,94
18.6514995098114,1.5,1.36,0.1399999999999999,1.0,CLIMB,1.36,-39.29,-0.04,94
18.704406261444092,1.5,1.36,0.1399999999999999,1.0,CLIMB,1.36,-39.29,-0.04,94
18.75758194923401,1.5,1.42,0.08000000000000007,0.0,HOLD,1.42,-39.27,-0.06,94
18.80134654045105,1.5,1.42,0.08000000000000007,0.0,HOLD,1.42,-39.27,-0.06,94
18.85615372657776,1.5,1.5,0.0,0.0,HOLD,1.5,-39.17,-0.08,94
18.90093231201172,1.5,1.5,0.0,0.0,HOLD,1.5,-39.17,-0.08,94
18.95346474647522,1.5,1.59,-0.09000000000000008,0.0,HOLD,1.59,-39.21,-0.09,94
19.006430864334106,1.5,1.59,-0.09000000000000008,0.0,HOLD,1.59,-39.21,-0.09,94
19.06026315689087,1.5,1.68,-0.17999999999999994,-0.8,DESCEND,1.68,-39.09,-0.07,94
19.102680683135986,1.5,1.68,-0.17999999999999994,-0.8,DESCEND,1.68,-39.09,-0.07,94
19.15706753730774,1.5,1.74,-0.24,-0.8,DESCEND,1.74,-39.05,-0.06,94
19.20087242126465,1.5,1.74,-0.24,-0.8,DESCEND,1.74,-39.05,-0.06,94
19.254387140274048,1.5,1.78,-0.28,-0.8,DESCEND,1.78,-39.01,-0.04,94
19.30881381034851,1.5,1.78,-0.28,-0.8,DESCEND,1.78,-39.01,-0.04,94
19.352336883544922,1.5,1.8,-0.30000000000000004,-0.8,DESCEND,1.8,-38.94,-0.01,94
19.40686535835266,1.5,1.8,-0.30000000000000004,-0.8,DESCEND,1.8,-38.94,-0.01,94
19.452480792999268,1.5,1.8,-0.30000000000000004,-0.8,DESCEND,1.8,-38.96,0.01,94
19.50536561012268,1.5,1.8,-0.30000000000000004,-0.8,DESCEND,1.8,-38.96,0.01,94
19.560189962387085,1.5,1.76,-0.26,-0.8,DESCEND,1.76,-39.03,0.03,93
19.603251695632935,1.5,1.76,-0.26,-0.8,DESCEND,1.76,-39.03,0.03,93
19.657155990600586,1.5,1.72,-0.21999999999999997,-0.8,DESCEND,1.72,-39.09,0.04,93
19.700063228607178,1.5,1.72,-0.21999999999999997,-0.8,DESCEND,1.72,-39.09,0.04,93
19.753212690353394,1.5,1.66,-0.15999999999999992,-0.8,DESCEND,1.66,-39.18,0.05,93
19.806342840194702,1.5,1.66,-0.15999999999999992,-0.8,DESCEND,1.66,-39.18,0.05,93
19.860351085662842,1.5,1.6,-0.10000000000000009,-0.8,DESCEND,1.6,-39.16,0.06,93
19.9037926197052,1.5,1.6,-0.10000000000000009,-0.8,DESCEND,1.6,-39.16,0.06,93
19.95835018157959,1.5,1.53,-0.030000000000000027,0.0,HOLD,1.53,-39.27,0.07,93
20.001508951187134,1.5,1.53,-0.030000000000000027,0.0,HOLD,1.53,-39.27,0.07,93
20.05475664138794,1.5,1.45,0.050000000000000044,0.0,HOLD,1.45,-39.33,0.07,93
20.108553409576416,1.5,1.45,0.050000000000000044,0.0,HOLD,1.45,-39.33,0.07,93
20.150864839553833,1.5,1.39,0.1100000000000001,1.0,CLIMB,1.39,-39.23,0.07,93
20.20398449897766,1.5,1.39,0.1100000000000001,1.0,CLIMB,1.39,-39.23,0.07,93
20.257603883743286,1.5,1.33,0.16999999999999993,1.0,CLIMB,1.33,-39.27,0.05,93
20.301791667938232,1.5,1.33,0.16999999999999993,1.0,CLIMB,1.33,-39.27,0.05,93
20.355202674865723,1.5,1.29,0.20999999999999996,1.0,CLIMB,1.29,-39.27,0.04,93
20.409066438674927,1.5,1.29,0.20999999999999996,1.0,CLIMB,1.29,-39.27,0.04,93
20.451231241226196,1.5,1.28,0.21999999999999997,1.0,CLIMB,1.28,-39.29,0.01,93
20.504082202911377,1.5,1.28,0.21999999999999997,1.0,CLIMB,1.28,-39.29,0.01,93
20.55713415145874,1.5,1.31,0.18999999999999995,1.0,CLIMB,1.31,-39.35,-0.02,93
20.610442399978638,1.5,1.31,0.18999999999999995,1.0,CLIMB,1.31,-39.35,-0.02,93
20.65326189994812,1.5,1.31,0.18999999999999995,1.0,CLIMB,1.31,-39.35,-0.02,93
20.706493139266968,1.5,1.36,0.1399999999999999,1.0,CLIMB,1.36,-39.25,-0.04,93
20.759679079055786,1.5,1.43,0.07000000000000006,0.0,HOLD,1.43,-39.27,-0.06,93
20.802901029586792,1.5,1.43,0.07000000000000006,0.0,HOLD,1.43,-39.27,-0.06,93
20.85680103302002,1.5,1.52,-0.020000000000000018,0.0,HOLD,1.52,-39.22,-0.08,93
20.91001033782959,1.5,1.52,-0.020000000000000018,0.0,HOLD,1.52,-39.22,-0.08,93
20.953235387802124,1.5,1.52,-0.020000000000000018,0.0,HOLD,1.52,-39.22,-0.08,93
21.00744390487671,1.5,1.6,-0.10000000000000009,-0.8,DESCEND,1.6,-39.15,-0.08,93
21.05033040046692,1.5,1.6,-0.10000000000000009,-0.8,DESCEND,1.6,-39.15,-0.08,93
21.10354971885681,1.5,1.68,-0.17999999999999994,-0.8,DESCEND,1.68,-39.13,-0.07,93
21.157886743545532,1.5,1.68,-0.17999999999999994,-0.8,DESCEND,1.68,-39.13,-0.07,93
21.20168972015381,1.5,1.73,-0.22999999999999998,-0.8,DESCEND,1.73,-39.1,-0.05,93
21.25635528564453,1.5,1.73,-0.22999999999999998,-0.8,DESCEND,1.73,-39.1,-0.05,93
21.30100393295288,1.5,1.75,-0.25,-0.8,DESCEND,1.75,-39.03,-0.03,93
21.355586051940918,1.5,1.75,-0.25,-0.8,DESCEND,1.75,-39.03,-0.03,93
21.40195941925049,1.5,1.75,-0.25,-0.8,DESCEND,1.75,-38.97,0.0,93
21.45706343650818,1.5,1.75,-0.25,-0.8,DESCEND,1.75,-38.97,0.0,93
21.50228476524353,1.5,1.73,-0.22999999999999998,-0.8,DESCEND,1.73,-39.1,0.01,93
21.55605435371399,1.5,1.73,-0.22999999999999998,-0.8,DESCEND,1.73,-39.1,0.01,93
21.60952854156494,1.5,1.68,-0.17999999999999994,-0.8,DESCEND,1.68,-39.09,0.03,92
21.651881217956543,1.5,1.68,-0.17999999999999994,-0.8,DESCEND,1.68,-39.09,0.03,92
21.705586671829224,1.5,1.63,-0.1299999999999999,-0.8,DESCEND,1.63,-39.11,0.05,92
21.758381128311157,1.5,1.63,-0.1299999999999999,-0.8,DESCEND,1.63,-39.11,0.05,92
21.800447463989258,1.5,1.57,-0.07000000000000006,0.0,HOLD,1.57,-39.23,0.06,92
21.854312419891357,1.5,1.57,-0.07000000000000006,0.0,HOLD,1.57,-39.23,0.06,92
21.9065523147583,1.5,1.5,0.0,0.0,HOLD,1.5,-39.25,0.06,92
21.9597749710083,1.5,1.5,0.0,0.0,HOLD,1.5,-39.25,0.06,92
22.002942323684692,1.5,1.44,0.06000000000000005,0.0,HOLD,1.44,-39.25,0.07,92
22.055744886398315,1.5,1.44,0.06000000000000005,0.0,HOLD,1.44,-39.25,0.07,92
22.10971188545227,1.5,1.39,0.1100000000000001,1.0,CLIMB,1.39,-39.17,0.06,92
22.15291738510132,1.5,1.39,0.1100000000000001,1.0,CLIMB,1.39,-39.17,0.06,92
22.20658254623413,1.5,1.35,0.1499999999999999,1.0,CLIMB,1.35,-39.31,0.04,92
22.261698961257935,1.5,1.35,0.1499999999999999,1.0,CLIMB,1.35,-39.31,0.04,92
22.304866790771484,1.5,1.34,0.15999999999999992,1.0,CLIMB,1.34,-39.32,0.02,92
22.358752489089966,1.5,1.34,0.15999999999999992,1.0,CLIMB,1.34,-39.32,0.02,92
22.40235733985901,1.5,1.33,0.16999999999999993,1.0,CLIMB,1.33,-39.36,0.01,92
22.456093549728394,1.5,1.33,0.16999999999999993,1.0,CLIMB,1.33,-39.36,0.01,92
22.510130405426025,1.5,1.37,0.1299999999999999,1.0,CLIMB,1.37,-39.21,-0.02,92
22.55236530303955,1.5,1.37,0.1299999999999999,1.0,CLIMB,1.37,-39.21,-0.02,92
22.605422258377075,1.5,1.43,0.07000000000000006,0.0,HOLD,1.43,-39.17,-0.04,92
22.658620357513428,1.5,1.43,0.07000000000000006,0.0,HOLD,1.43,-39.17,-0.04,92
22.704097986221313,1.5,1.49,0.010000000000000009,0.0,HOLD,1.49,-39.1,-0.06,92
22.757543325424194,1.5,1.49,0.010000000000000009,0.0,HOLD,1.49,-39.1,-0.06,92
22.800124406814575,1.5,1.57,-0.07000000000000006,0.0,HOLD,1.57,-39.14,-0.07,92
22.852973461151123,1.5,1.57,-0.07000000000000006,0.0,HOLD,1.57,-39.14,-0.07,92
22.9066424369812,1.5,1.65,-0.1499999999999999,-0.8,DESCEND,1.65,-39.06,-0.08,92
22.960100889205933,1.5,1.65,-0.1499999999999999,-0.8,DESCEND,1.65,-39.06,-0.08,92
23.002402305603027,1.5,1.71,-0.20999999999999996,-0.8,DESCEND,1.71,-39.12,-0.06,92
23.05529236793518,1.5,1.75,-0.25,-0.8,DESCEND,1.75,-38.98,-0.04,92
23.109151124954224,1.5,1.75,-0.25,-0.8,DESCEND,1.75,-38.98,-0.04,92
23.152390480041504,1.5,1.77,-0.27,-0.8,DESCEND,1.77,-38.94,-0.02,92
23.20539140701294,1.5,1.77,-0.27,-0.8,DESCEND,1.77,-38.94,-0.02,92
23.259629487991333,1.5,1.76,-0.26,-0.8,DESCEND,1.76,-38.94,0.0,92
23.302874088287354,1.5,1.76,-0.26,-0.8,DESCEND,1.76,-38.94,0.0,92
23.35574769973755,1.5,1.72,-0.21999999999999997,-0.8,DESCEND,1.72,-38.94,0.02,92
23.41016912460327,1.5,1.72,-0.21999999999999997,-0.8,DESCEND,1.72,-38.94,0.02,92
23.45396089553833,1.5,1.72,-0.21999999999999997,-0.8,DESCEND,1.72,-38.94,0.02,92
23.507707595825195,1.5,1.68,-0.17999999999999994,-0.8,DESCEND,1.68,-39.02,0.04,92
23.55025005340576,1.5,1.68,-0.17999999999999994,-0.8,DESCEND,1.68,-39.02,0.04,92
23.602622985839844,1.5,1.62,-0.1200000000000001,-0.8,DESCEND,1.62,-39.09,0.05,91
23.657354831695557,1.5,1.62,-0.1200000000000001,-0.8,DESCEND,1.62,-39.09,0.05,91
23.70029067993164,1.5,1.56,-0.06000000000000005,0.0,HOLD,1.56,-39.11,0.06,91
23.753981828689575,1.5,1.56,-0.06000000000000005,0.0,HOLD,1.56,-39.11,0.06,91
23.80674147605896,1.5,1.48,0.020000000000000018,0.0,HOLD,1.48,-39.12,0.06,91
23.850263833999634,1.5,1.48,0.020000000000000018,0.0,HOLD,1.48,-39.12,0.06,91
23.9052951335907,1.5,1.41,0.09000000000000008,0.0,HOLD,1.41,-39.13,0.07,91
23.959895849227905,1.5,1.41,0.09000000000000008,0.0,HOLD,1.41,-39.13,0.07,91
24.00312876701355,1.5,1.35,0.1499999999999999,1.0,CLIMB,1.35,-39.18,0.06,91
24.056361198425293,1.5,1.35,0.1499999999999999,1.0,CLIMB,1.35,-39.18,0.06,91
24.10945987701416,1.5,1.31,0.18999999999999995,1.0,CLIMB,1.31,-39.23,0.04,91
24.153156518936157,1.5,1.31,0.18999999999999995,1.0,CLIMB,1.31,-39.23,0.04,91
24.206573724746704,1.5,1.28,0.21999999999999997,1.0,CLIMB,1.28,-39.17,0.03,91
24.26029920578003,1.5,1.28,0.21999999999999997,1.0,CLIMB,1.28,-39.17,0.03,91
24.30318260192871,1.5,1.28,0.21999999999999997,1.0,CLIMB,1.28,-39.31,0.01,91
24.356654167175293,1.5,1.28,0.21999999999999997,1.0,CLIMB,1.28,-39.31,0.01,91
24.400946617126465,1.5,1.31,0.18999999999999995,1.0,CLIMB,1.31,-39.28,-0.01,91
24.4544460773468,1.5,1.31,0.18999999999999995,1.0,CLIMB,1.31,-39.28,-0.01,91
24.50762414932251,1.5,1.35,0.1499999999999999,1.0,CLIMB,1.35,-39.27,-0.04,91
24.550022840499878,1.5,1.35,0.1499999999999999,1.0,CLIMB,1.35,-39.27,-0.04,91
24.603070735931396,1.5,1.42,0.08000000000000007,0.0,HOLD,1.42,-39.1,-0.07,91
24.65619421005249,1.5,1.42,0.08000000000000007,0.0,HOLD,1.42,-39.1,-0.07,91
24.709531784057617,1.5,1.5,0.0,0.0,HOLD,1.5,-39.09,-0.08,91
24.752052068710327,1.5,1.5,0.0,0.0,HOLD,1.5,-39.09,-0.08,91
24.804542541503906,1.5,1.58,-0.08000000000000007,0.0,HOLD,1.58,-39.05,-0.08,91
24.857996940612793,1.5,1.58,-0.08000000000000007,0.0,HOLD,1.58,-39.05,-0.08,91
24.900116443634033,1.5,1.66,-0.15999999999999992,-0.8,DESCEND,1.66,-39.08,-0.06,91
24.953267097473145,1.5,1.66,-0.15999999999999992,-0.8,DESCEND,1.66,-39.08,-0.06,91
25.00747537612915,1.5,1.72,-0.21999999999999997,-0.8,DESCEND,1.72,-38.97,-0.05,91
25.050410270690918,1.5,1.72,-0.21999999999999997,-0.8,DESCEND,1.72,-38.97,-0.05,91
25.1040141582489,1.5,1.77,-0.27,-0.8,DESCEND,1.77,-38.94,-0.02,91
25.157765865325928,1.5,1.77,-0.27,-0.8,DESCEND,1.77,-38.94,-0.02,91
25.20031189918518,1.5,1.78,-0.28,-0.8,DESCEND,1.78,-38.96,0.0,91
25.255963563919067,1.5,1.78,-0.28,-0.8,DESCEND,1.78,-38.96,0.0,91
25.300416946411133,1.5,1.77,-0.27,-0.8,DESCEND,1.77,-38.93,0.02,91
25.353431224822998,1.5,1.77,-0.27,-0.8,DESCEND,1.77,-38.93,0.02,91
25.40716028213501,1.5,1.73,-0.22999999999999998,-0.8,DESCEND,1.73,-39.01,0.04,91
25.450430154800415,1.5,1.73,-0.22999999999999998,-0.8,DESCEND,1.73,-39.01,0.04,91
25.504687070846558,1.5,1.68,-0.17999999999999994,-0.8,DESCEND,1.68,-39.04,0.05,91
25.558380365371704,1.5,1.68,-0.17999999999999994,-0.8,DESCEND,1.68,-39.04,0.05,91
25.601115226745605,1.5,1.62,-0.1200000000000001,-0.8,DESCEND,1.62,-39.05,0.06,91
25.655283212661743,1.5,1.62,-0.1200000000000001,-0.8,DESCEND,1.62,-39.05,0.06,91
25.7101628780365,1.5,1.56,-0.06000000000000005,0.0,HOLD,1.56,-39.22,0.07,91
25.752785444259644,1.5,1.56,-0.06000000000000005,0.0,HOLD,1.56,-39.22,0.07,91
25.80590295791626,1.5,1.5,0.0,0.0,HOLD,1.5,-39.28,0.07,91
25.859221935272217,1.5,1.5,0.0,0.0,HOLD,1.5,-39.28,0.07,91
25.90179753303528,1.5,1.5,0.0,0.0,HOLD,1.5,-39.28,0.07,91
25.955307960510254,1.5,1.43,0.07000000000000006,0.0,HOLD,1.43,-39.28,0.06,91
26.00840187072754,1.5,1.37,0.1299999999999999,1.0,CLIMB,1.37,-39.31,0.04,91
26.050997495651245,1.5,1.37,0.1299999999999999,1.0,CLIMB,1.37,-39.31,0.04,91
26.104350805282593,1.5,1.37,0.1299999999999999,1.0,CLIMB,1.37,-39.31,0.04,91
26.15773844718933,1.5,1.33,0.16999999999999993,1.0,CLIMB,1.33,-39.37,0.03,91
26.20111656188965,1.5,1.33,0.16999999999999993,1.0,CLIMB,1.33,-39.37,0.03,91
26.254690170288086,1.5,1.3,0.19999999999999996,1.0,CLIMB,1.3,-39.32,0.01,91
26.309462785720825,1.5,1.3,0.19999999999999996,1.0,CLIMB,1.3,-39.32,0.01,91
26.352346897125244,1.5,1.3,0.19999999999999996,1.0,CLIMB,1.3,-39.35,-0.01,91
26.4064519405365,1.5,1.3,0.19999999999999996,1.0,CLIMB,1.3,-39.35,-0.01,91
26.459914445877075,1.5,1.32,0.17999999999999994,1.0,CLIMB,1.32,-39.33,-0.04,91
26.501749992370605,1.5,1.32,0.17999999999999994,1.0,CLIMB,1.32,-39.33,-0.04,91
26.555342197418213,1.5,1.38,0.1200000000000001,1.0,CLIMB,1.38,-39.3,-0.06,91
26.607955932617188,1.5,1.38,0.1200000000000001,1.0,CLIMB,1.38,-39.3,-0.06,91
26.65037965774536,1.5,1.49,0.010000000000000009,0.0,HOLD,1.49,-39.17,-0.07,90
26.703588724136353,1.5,1.49,0.010000000000000009,0.0,HOLD,1.49,-39.17,-0.07,90
26.7566659450531,1.5,1.58,-0.08000000000000007,0.0,HOLD,1.58,-39.1,-0.09,90
26.809933185577393,1.5,1.58,-0.08000000000000007,0.0,HOLD,1.58,-39.1,-0.09,90
26.856706857681274,1.5,1.66,-0.15999999999999992,-0.8,DESCEND,1.66,-39.07,-0.09,90
26.909526824951172,1.5,1.66,-0.15999999999999992,-0.8,DESCEND,1.66,-39.07,-0.09,90
26.952626705169678,1.5,1.75,-0.25,-0.8,DESCEND,1.75,-39.01,-0.08,90
27.005584001541138,1.5,1.75,-0.25,-0.8,DESCEND,1.75,-39.01,-0.08,90
27.05068278312683,1.5,1.8,-0.30000000000000004,-0.8,DESCEND,1.8,-38.98,-0.06,90
27.104246377944946,1.5,1.8,-0.30000000000000004,-0.8,DESCEND,1.8,-38.98,-0.06,90
27.158024787902832,1.5,1.84,-0.3400000000000001,-0.8,DESCEND,1.84,-38.92,-0.03,90
27.200757026672363,1.5,1.84,-0.3400000000000001,-0.8,DESCEND,1.84,-38.92,-0.03,90
27.25424551963806,1.5,1.84,-0.3400000000000001,-0.8,DESCEND,1.84,-38.96,0.0,90
27.30991244316101,1.5,1.84,-0.3400000000000001,-0.8,DESCEND,1.84,-38.96,0.0,90
27.354064226150513,1.5,1.81,-0.31000000000000005,-0.8,DESCEND,1.81,-38.91,0.02,90
27.409202575683594,1.5,1.81,-0.31000000000000005,-0.8,DESCEND,1.81,-38.91,0.02,90
27.452412843704224,1.5,1.77,-0.27,-0.8,DESCEND,1.77,-38.94,0.04,90
27.50589084625244,1.5,1.73,-0.22999999999999998,-0.8,DESCEND,1.73,-39.02,0.05,90
27.559760332107544,1.5,1.73,-0.22999999999999998,-0.8,DESCEND,1.73,-39.02,0.05,90
27.602647304534912,1.5,1.73,-0.22999999999999998,-0.8,DESCEND,1.73,-39.02,0.05,90
27.6559157371521,1.5,1.66,-0.15999999999999992,-0.8,DESCEND,1.66,-39.05,0.06,90
27.701061010360718,1.5,1.6,-0.10000000000000009,-0.8,DESCEND,1.6,-39.14,0.06,90
27.756658792495728,1.5,1.6,-0.10000000000000009,-0.8,DESCEND,1.6,-39.14,0.06,90
27.80994963645935,1.5,1.53,-0.030000000000000027,0.0,HOLD,1.53,-39.24,0.07,90
27.852461576461792,1.5,1.53,-0.030000000000000027,0.0,HOLD,1.53,-39.24,0.07,90
27.905865907669067,1.5,1.53,-0.030000000000000027,0.0,HOLD,1.53,-39.24,0.07,90
27.95966362953186,1.5,1.46,0.040000000000000036,0.0,HOLD,1.46,-39.24,0.07,90
28.00273108482361,1.5,1.39,0.1100000000000001,1.0,CLIMB,1.39,-39.25,0.06,90
28.055500507354736,1.5,1.39,0.1100000000000001,1.0,CLIMB,1.39,-39.25,0.06,90
28.108643293380737,1.5,1.34,0.15999999999999992,1.0,CLIMB,1.34,-39.29,0.04,90
28.15205454826355,1.5,1.34,0.15999999999999992,1.0,CLIMB,1.34,-39.29,0.04,90
28.205058813095093,1.5,1.34,0.15999999999999992,1.0,CLIMB,1.34,-39.29,0.04,90
28.258367776870728,1.5,1.31,0.18999999999999995,1.0,CLIMB,1.31,-39.3,0.02,90
28.304850578308105,1.5,1.32,0.17999999999999994,1.0,CLIMB,1.32,-39.37,-0.01,90
28.360243558883667,1.5,1.32,0.17999999999999994,1.0,CLIMB,1.32,-39.37,-0.01,90
28.403821229934692,1.5,1.36,0.1399999999999999,1.0,CLIMB,1.36,-39.33,-0.03,90
28.456562042236328,1.5,1.36,0.1399999999999999,1.0,CLIMB,1.36,-39.33,-0.03,90
28.509377002716064,1.5,1.41,0.09000000000000008,0.0,HOLD,1.41,-39.23,-0.06,90
28.551851749420166,1.5,1.41,0.09000000000000008,0.0,HOLD,1.41,-39.23,-0.06,90
28.604686975479126,1.5,1.41,0.09000000000000008,0.0,HOLD,1.41,-39.23,-0.06,90
28.658408164978027,1.5,1.49,0.010000000000000009,0.0,HOLD,1.49,-39.14,-0.07,90
28.70152235031128,1.5,1.49,0.010000000000000009,0.0,HOLD,1.49,-39.14,-0.07,90
28.7544846534729,1.5,1.57,-0.07000000000000006,0.0,HOLD,1.57,-39.14,-0.08,90
28.807785511016846,1.5,1.57,-0.07000000000000006,0.0,HOLD,1.57,-39.14,-0.08,90
28.851309061050415,1.5,1.64,-0.1399999999999999,-0.8,DESCEND,1.64,-39.1,-0.06,90
28.90538454055786,1.5,1.64,-0.1399999999999999,-0.8,DESCEND,1.64,-39.1,-0.06,90
28.95852303504944,1.5,1.69,-0.18999999999999995,-0.8,DESCEND,1.69,-39.08,-0.05,90
29.000988483428955,1.5,1.69,-0.18999999999999995,-0.8,DESCEND,1.69,-39.08,-0.05,90
29.054108381271362,1.5,1.72,-0.21999999999999997,-0.8,DESCEND,1.72,-39.02,-0.03,90
29.106963634490967,1.5,1.72,-0.21999999999999997,-0.8,DESCEND,1.72,-39.02,-0.03,90
29.15303921699524,1.5,1.73,-0.22999999999999998,-0.8,DESCEND,1.73,-38.98,0.0,90
29.207181930541992,1.5,1.73,-0.22999999999999998,-0.8,DESCEND,1.73,-38.98,0.0,90
29.260316371917725,1.5,1.72,-0.21999999999999997,-0.8,DESCEND,1.72,-39.04,0.01,90
29.302536964416504,1.5,1.72,-0.21999999999999997,-0.8,DESCEND,1.72,-39.04,0.01,90
29.355191946029663,1.5,1.69,-0.18999999999999995,-0.8,DESCEND,1.69,-39.17,0.03,90
29.408421754837036,1.5,1.69,-0.18999999999999995,-0.8,DESCEND,1.69,-39.17,0.03,90
29.45104479789734,1.5,1.64,-0.1399999999999999,-0.8,DESCEND,1.64,-39.11,0.05,90
29.503601551055908,1.5,1.64,-0.1399999999999999,-0.8,DESCEND,1.64,-39.11,0.05,90
29.556375980377197,1.5,1.58,-0.08000000000000007,0.0,HOLD,1.58,-39.19,0.06,90
29.61088252067566,1.5,1.58,-0.08000000000000007,0.0,HOLD,1.58,-39.19,0.06,90
29.654561281204224,1.5,1.52,-0.020000000000000018,0.0,HOLD,1.52,-39.2,0.06,90
29.707662343978882,1.5,1.52,-0.020000000000000018,0.0,HOLD,1.52,-39.2,0.06,90
29.75199294090271,1.5,1.45,0.050000000000000044,0.0,HOLD,1.45,-39.29,0.06,90
29.80577301979065,1.5,1.45,0.050000000000000044,0.0,HOLD,1.45,-39.29,0.06,90
29.85918688774109,1.5,1.39,0.1100000000000001,1.0,CLIMB,1.39,-39.24,0.05,90
29.902862548828125,1.5,1.39,0.1100000000000001,1.0,CLIMB,1.39,-39.24,0.05,90
29.955535888671875,1.5,1.35,0.1499999999999999,1.0,CLIMB,1.35,-39.3,0.03,90
