mission_time,target_altitude,current_altitude,error,velocity_cmd,control_action,height_sonar,height_baro,velocity_z_measured,battery,height_sonar_cal
0.0011096,1.5,0.48,1.02,1,CLIMB,0.48,-40.25,0,100,0.2208914678054964
0.053498745,1.5,0.48,1.02,1,CLIMB,0.48,-40.21,0,100,0.2208914678054964
0.106993198,1.5,0.48,1.02,1,CLIMB,0.48,-40.25,0,100,0.2208914678054964
0.159915924,1.5,0.48,1.02,1,CLIMB,0.48,-40.25,0,100,0.2208914678054964
0.202052832,1.5,0.48,1.02,1,CLIMB,0.48,-40.2,-0.01,100,0.2208914678054964
0.254501581,1.5,0.48,1.02,1,CLIMB,0.48,-40.2,-0.01,100,0.2208914678054964
0.307637453,1.5,0.5,1,1,CLIMB,0.5,-40.17,-0.03,100,0.2285106070120292
0.350081682,1.5,0.5,1,1,CLIMB,0.5,-40.17,-0.03,100,0.2285106070120292
0.402774572,1.5,0.55,0.95,1,CLIMB,0.55,-40.18,-0.05,100,0.2475584550283611
0.455773115,1.5,0.55,0.95,1,CLIMB,0.55,-40.18,-0.05,100,0.2475584550283611
0.508216858,1.5,0.6,0.9,1,CLIMB,0.6,-40.14,-0.07,100,0.266606303
0.550807238,1.5,0.6,0.9,1,CLIMB,0.6,-40.14,-0.07,100,0.266606303
0.603478432,1.5,0.6,0.9,1,CLIMB,0.6,-40.14,-0.07,100,0.266606303
0.656775236,1.5,0.68,0.82,1,CLIMB,0.68,-40.01,-0.08,100,0.2970828598708241
0.710312366,1.5,0.76,0.74,1,CLIMB,0.76,-39.91,-0.09,100,0.3275594166969552
0.753274202,1.5,0.76,0.74,1,CLIMB,0.76,-39.91,-0.09,100,0.3275594166969552
0.807890654,1.5,0.76,0.74,1,CLIMB,0.76,-39.91,-0.09,100,0.3275594166969552
0.851613283,1.5,0.85,0.65,1,CLIMB,0.85,-39.91,-0.09,100,0.36184554312635264
0.904548168,1.5,0.85,0.65,1,CLIMB,0.85,-39.91,-0.09,100,0.36184554312635264
0.958663464,1.5,0.94,0.56,1,CLIMB,0.94,-39.83,-0.09,100,0.39613166955575013
1.002711773,1.5,0.94,0.56,1,CLIMB,0.94,-39.83,-0.09,100,0.39613166955575013
1.056238174,1.5,1.04,0.46,1,CLIMB,1.04,-39.75,-0.1,100,0.434227366
1.110307217,1.5,1.04,0.46,1,CLIMB,1.04,-39.75,-0.1,100,0.434227366
1.153200388,1.5,1.14,0.36,1,CLIMB,1.14,-39.59,-0.1,100,0.4723230616210778
1.20595932,1.5,1.14,0.36,1,CLIMB,1.14,-39.59,-0.1,100,0.4723230616210778
1.258668184,1.5,1.24,0.26,1,CLIMB,1.24,-39.55,-0.1,100,0.5104187576537417
1.300265074,1.5,1.34,0.16,1,CLIMB,1.34,-39.44,-0.1,100,0.5485144536864056
1.354658127,1.5,1.34,0.16,1,CLIMB,1.34,-39.44,-0.1,100,0.5485144536864056
1.407631636,1.5,1.34,0.16,1,CLIMB,1.34,-39.44,-0.1,100,0.5485144536864056
1.450327396,1.5,1.5,0,0,HOLD,1.5,-39.31,-0.1,100,0.6094675673386678
1.50366807,1.5,1.5,0,0,HOLD,1.5,-39.31,-0.1,100,0.6094675673386678
1.557068825,1.5,1.59,-0.09,0,HOLD,1.59,-39.29,-0.1,100,0.6437536937680652
1.609817505,1.5,1.59,-0.09,0,HOLD,1.59,-39.29,-0.1,100,0.6437536937680652
1.652542114,1.5,1.68,-0.18,-0.8,DESCEND,1.68,-39.19,-0.09,100,0.6780398201974627
1.706437826,1.5,1.68,-0.18,-0.8,DESCEND,1.68,-39.19,-0.09,100,0.6780398201974627
1.750143051,1.5,1.77,-0.27,-0.8,DESCEND,1.77,-39.12,-0.08,100,0.7123259466268602
1.803183556,1.5,1.77,-0.27,-0.8,DESCEND,1.77,-39.12,-0.08,100,0.7123259466268602
1.857599974,1.5,1.83,-0.33,-0.8,DESCEND,1.83,-39.08,-0.05,100,0.7351833642464586
1.900110483,1.5,1.86,-0.36,-0.8,DESCEND,1.86,-39.05,-0.02,100,0.7466120730562577
1.954103231,1.5,1.86,-0.36,-0.8,DESCEND,1.86,-39.05,-0.02,100,0.7466120730562577
2.007637978,1.5,1.85,-0.35,-0.8,DESCEND,1.85,-39.01,0,100,0.7428025034529913
2.051817656,1.5,1.85,-0.35,-0.8,DESCEND,1.85,-39.01,0,100,0.7428025034529913
2.105401516,1.5,1.82,-0.32,-0.8,DESCEND,1.82,-39.06,0.03,100,0.7313737946431922
2.158778667,1.5,1.82,-0.32,-0.8,DESCEND,1.82,-39.06,0.03,100,0.7313737946431922
2.201830149,1.5,1.78,-0.28,-0.8,DESCEND,1.78,-39.1,0.04,100,0.7161355162301266
2.255000353,1.5,1.78,-0.28,-0.8,DESCEND,1.78,-39.1,0.04,100,0.7161355162301266
2.308230877,1.5,1.71,-0.21,-0.8,DESCEND,1.71,-39.12,0.05,100,0.6894685290072619
2.351999521,1.5,1.71,-0.21,-0.8,DESCEND,1.71,-39.12,0.05,100,0.6894685290072619
2.405580282,1.5,1.66,-0.16,-0.8,DESCEND,1.66,-39.16,0.06,100,0.6704206809909299
2.458683014,1.5,1.66,-0.16,-0.8,DESCEND,1.66,-39.16,0.06,100,0.6704206809909299
2.50097084,1.5,1.59,-0.09,0,HOLD,1.59,-39.25,0.07,100,0.6437536937680652
2.553865194,1.5,1.59,-0.09,0,HOLD,1.59,-39.25,0.07,100,0.6437536937680652
2.60769105,1.5,1.52,-0.02,0,HOLD,1.52,-39.26,0.07,100,0.6170867065452006
2.650605679,1.5,1.52,-0.02,0,HOLD,1.52,-39.26,0.07,100,0.6170867065452006
2.703233719,1.5,1.45,0.05,0,HOLD,1.45,-39.38,0.06,100,0.5904197193223358
2.757078409,1.5,1.45,0.05,0,HOLD,1.45,-39.38,0.06,100,0.5904197193223358
2.800169945,1.5,1.4,0.1,1,CLIMB,1.4,-39.39,0.04,100,0.5713718713060039
2.855113983,1.5,1.4,0.1,1,CLIMB,1.4,-39.39,0.04,100,0.5713718713060039
2.909126282,1.5,1.37,0.13,1,CLIMB,1.37,-39.46,0.03,100,0.5599431624962048
2.951608419,1.5,1.37,0.13,1,CLIMB,1.37,-39.46,0.03,100,0.5599431624962048
3.005218506,1.5,1.36,0.14,1,CLIMB,1.36,-39.39,0,100,0.5561335928929384
3.059038162,1.5,1.36,0.14,1,CLIMB,1.36,-39.39,0,100,0.5561335928929384
3.101489782,1.5,1.36,0.14,1,CLIMB,1.36,-39.39,0,100,0.5561335928929384
3.154622555,1.5,1.38,0.12,1,CLIMB,1.38,-39.32,-0.02,100,0.5637527320994711
3.209204674,1.5,1.38,0.12,1,CLIMB,1.38,-39.32,-0.02,100,0.5637527320994711
3.252779961,1.5,1.43,0.07,0,HOLD,1.43,-39.29,-0.04,100,0.58280058
3.307711363,1.5,1.43,0.07,0,HOLD,1.43,-39.29,-0.04,100,0.58280058
3.350425482,1.5,1.49,0.01,0,HOLD,1.49,-39.32,-0.06,100,0.6056579977354014
3.403561592,1.5,1.49,0.01,0,HOLD,1.49,-39.32,-0.06,100,0.6056579977354014
3.456362486,1.5,1.56,-0.06,0,HOLD,1.56,-39.21,-0.08,100,0.6323249849582661
3.509230852,1.5,1.56,-0.06,0,HOLD,1.56,-39.21,-0.08,100,0.6323249849582661
3.551537991,1.5,1.64,-0.14,-0.8,DESCEND,1.64,-39.19,-0.07,100,0.6628015417843971
3.605330944,1.5,1.64,-0.14,-0.8,DESCEND,1.64,-39.19,-0.07,100,0.6628015417843971
3.65887475,1.5,1.69,-0.19,-0.8,DESCEND,1.69,-39.12,-0.05,100,0.6818493898007291
3.701891184,1.5,1.69,-0.19,-0.8,DESCEND,1.69,-39.12,-0.05,100,0.6818493898007291
3.755222797,1.5,1.72,-0.22,-0.8,DESCEND,1.72,-39.14,-0.03,100,0.6932780986105282
3.809711218,1.5,1.72,-0.22,-0.8,DESCEND,1.72,-39.14,-0.03,100,0.6932780986105282
3.853150129,1.5,1.74,-0.24,-0.8,DESCEND,1.74,-39.09,-0.01,100,0.700897238
3.906616926,1.5,1.74,-0.24,-0.8,DESCEND,1.74,-39.09,-0.01,100,0.700897238
3.950503111,1.5,1.73,-0.23,-0.8,DESCEND,1.73,-39.15,0.01,100,0.6970876682137946
4.003483057,1.5,1.73,-0.23,-0.8,DESCEND,1.73,-39.15,0.01,100,0.6970876682137946
4.057351351,1.5,1.69,-0.19,-0.8,DESCEND,1.69,-39.11,0.03,100,0.6818493898007291
4.100655079,1.5,1.69,-0.19,-0.8,DESCEND,1.69,-39.11,0.03,100,0.6818493898007291
4.154152632,1.5,1.65,-0.15,-0.8,DESCEND,1.65,-39.17,0.05,100,0.6666111113876635
4.208277464,1.5,1.65,-0.15,-0.8,DESCEND,1.65,-39.17,0.05,100,0.6666111113876635
4.251523256,1.5,1.6,-0.1,-0.8,DESCEND,1.6,-39.3,0.06,100,0.6475632633713316
4.304655552,1.5,1.6,-0.1,-0.8,DESCEND,1.6,-39.3,0.06,100,0.6475632633713316
4.359137297,1.5,1.53,-0.03,0,HOLD,1.53,-39.27,0.06,100,0.620896276
4.403055191,1.5,1.53,-0.03,0,HOLD,1.53,-39.27,0.06,100,0.620896276
4.455046654,1.5,1.46,0.04,0,HOLD,1.46,-39.35,0.07,100,0.5942292889256022
4.50820899,1.5,1.46,0.04,0,HOLD,1.46,-39.35,0.07,100,0.5942292889256022
4.551404476,1.5,1.39,0.11,1,CLIMB,1.39,-39.4,0.07,100,0.5675623017027375
4.604645491,1.5,1.39,0.11,1,CLIMB,1.39,-39.4,0.07,100,0.5675623017027375
4.657182455,1.5,1.33,0.17,1,CLIMB,1.33,-39.34,0.05,100,0.5447048840831392
4.710083008,1.5,1.33,0.17,1,CLIMB,1.33,-39.34,0.05,100,0.5447048840831392
4.753795147,1.5,1.29,0.21,1,CLIMB,1.29,-39.48,0.03,100,0.5294666056700736
4.806923628,1.5,1.29,0.21,1,CLIMB,1.29,-39.48,0.03,100,0.5294666056700736
4.850875616,1.5,1.28,0.22,1,CLIMB,1.28,-39.44,0,100,0.5256570360668072
4.904581785,1.5,1.28,0.22,1,CLIMB,1.28,-39.44,0,100,0.5256570360668072
4.958278179,1.5,1.3,0.2,1,CLIMB,1.3,-39.38,-0.02,100,0.533276175
5.002155304,1.5,1.3,0.2,1,CLIMB,1.3,-39.38,-0.02,100,0.533276175
5.055615664,1.5,1.35,0.15,1,CLIMB,1.35,-39.36,-0.04,100,0.552324023
5.109133244,1.5,1.35,0.15,1,CLIMB,1.35,-39.36,-0.04,100,0.552324023
5.152423382,1.5,1.42,0.08,0,HOLD,1.42,-39.39,-0.06,100,0.5789910105125367
5.206820965,1.5,1.42,0.08,0,HOLD,1.42,-39.39,-0.06,100,0.5789910105125367
5.260023594,1.5,1.5,0,0,HOLD,1.5,-39.36,-0.08,100,0.6094675673386678
5.302825212,1.5,1.5,0,0,HOLD,1.5,-39.36,-0.08,100,0.6094675673386678
5.35552454,1.5,1.59,-0.09,0,HOLD,1.59,-39.27,-0.09,100,0.6437536937680652
5.409957409,1.5,1.59,-0.09,0,HOLD,1.59,-39.27,-0.09,100,0.6437536937680652
5.452852726,1.5,1.66,-0.16,-0.8,DESCEND,1.66,-39.19,-0.07,100,0.6704206809909299
5.505600452,1.5,1.66,-0.16,-0.8,DESCEND,1.66,-39.19,-0.07,100,0.6704206809909299
5.559114933,1.5,1.72,-0.22,-0.8,DESCEND,1.72,-39.15,-0.06,100,0.6932780986105282
5.601957798,1.5,1.72,-0.22,-0.8,DESCEND,1.72,-39.15,-0.06,100,0.6932780986105282
5.655155182,1.5,1.72,-0.22,-0.8,DESCEND,1.72,-39.15,-0.06,100,0.6932780986105282
5.708639145,1.5,1.76,-0.26,-0.8,DESCEND,1.76,-39.13,-0.04,100,0.7085163770235938
5.752158642,1.5,1.76,-0.26,-0.8,DESCEND,1.76,-39.13,-0.04,100,0.7085163770235938
5.800664663,1.5,1.78,-0.28,-0.8,DESCEND,1.78,-39.11,-0.01,100,0.7161355162301266
5.853067398,1.5,1.77,-0.27,-0.8,DESCEND,1.77,-39.1,0.01,100,0.7123259466268602
5.905698776,1.5,1.77,-0.27,-0.8,DESCEND,1.77,-39.1,0.01,100,0.7123259466268602
5.958150864,1.5,1.74,-0.24,-0.8,DESCEND,1.74,-39.12,0.03,100,0.700897238
6.001231194,1.5,1.74,-0.24,-0.8,DESCEND,1.74,-39.12,0.03,100,0.700897238
6.056077719,1.5,1.7,-0.2,-0.8,DESCEND,1.7,-39.04,0.05,100,0.6856589594039955
6.110097885,1.5,1.7,-0.2,-0.8,DESCEND,1.7,-39.04,0.05,100,0.6856589594039955
6.15304637,1.5,1.64,-0.14,-0.8,DESCEND,1.64,-39.16,0.06,100,0.6628015417843971
6.206337929,1.5,1.64,-0.14,-0.8,DESCEND,1.64,-39.16,0.06,100,0.6628015417843971
6.2596066,1.5,1.57,-0.07,0,HOLD,1.57,-39.27,0.06,100,0.6361345545615325
6.302467823,1.5,1.57,-0.07,0,HOLD,1.57,-39.27,0.06,100,0.6361345545615325
6.356022358,1.5,1.51,-0.01,0,HOLD,1.51,-39.26,0.07,100,0.6132771369419342
6.409657478,1.5,1.51,-0.01,0,HOLD,1.51,-39.26,0.07,100,0.6132771369419342
6.451865435,1.5,1.51,-0.01,0,HOLD,1.51,-39.26,0.07,100,0.6132771369419342
6.505013466,1.5,1.43,0.07,0,HOLD,1.43,-39.4,0.07,100,0.58280058
6.558048487,1.5,1.38,0.12,1,CLIMB,1.38,-39.44,0.05,100,0.5637527320994711
6.600242138,1.5,1.38,0.12,1,CLIMB,1.38,-39.44,0.05,100,0.5637527320994711
6.652586222,1.5,1.34,0.16,1,CLIMB,1.34,-39.46,0.03,100,0.5485144536864056
6.705855131,1.5,1.34,0.16,1,CLIMB,1.34,-39.46,0.03,100,0.5485144536864056
6.758862734,1.5,1.32,0.18,1,CLIMB,1.32,-39.39,0.02,100,0.5408953144798728
6.802347422,1.5,1.32,0.18,1,CLIMB,1.32,-39.39,0.02,100,0.5408953144798728
6.856455564,1.5,1.31,0.19,1,CLIMB,1.31,-39.45,0,100,0.5370857448766064
6.900324583,1.5,1.31,0.19,1,CLIMB,1.31,-39.45,0,100,0.5370857448766064
6.956522465,1.5,1.34,0.16,1,CLIMB,1.34,-39.47,-0.02,100,0.5485144536864056
7.00928688,1.5,1.34,0.16,1,CLIMB,1.34,-39.47,-0.02,100,0.5485144536864056
7.052404881,1.5,1.38,0.12,1,CLIMB,1.38,-39.29,-0.05,100,0.5637527320994711
7.105604649,1.5,1.38,0.12,1,CLIMB,1.38,-39.29,-0.05,100,0.5637527320994711
7.159175396,1.5,1.44,0.06,0,HOLD,1.44,-39.29,-0.06,100,0.5866101497190694
7.201239824,1.5,1.44,0.06,0,HOLD,1.44,-39.29,-0.06,100,0.5866101497190694
7.254793882,1.5,1.53,-0.03,0,HOLD,1.53,-39.24,-0.08,100,0.620896276
7.309062243,1.5,1.53,-0.03,0,HOLD,1.53,-39.24,-0.08,100,0.620896276
7.35283041,1.5,1.62,-0.12,-0.8,DESCEND,1.62,-39.23,-0.08,100,0.6551824025778644
7.406541824,1.5,1.62,-0.12,-0.8,DESCEND,1.62,-39.23,-0.08,100,0.6551824025778644
7.460024357,1.5,1.72,-0.22,-0.8,DESCEND,1.72,-39.17,-0.07,100,0.6932780986105282
7.502561808,1.5,1.72,-0.22,-0.8,DESCEND,1.72,-39.17,-0.07,100,0.6932780986105282
7.556056261,1.5,1.78,-0.28,-0.8,DESCEND,1.78,-39.12,-0.06,99,0.7161355162301266
7.609472752,1.5,1.78,-0.28,-0.8,DESCEND,1.78,-39.12,-0.06,99,0.7161355162301266
7.653577328,1.5,1.79,-0.29,-0.8,DESCEND,1.79,-39.06,-0.03,99,0.719945086
7.707174063,1.5,1.79,-0.29,-0.8,DESCEND,1.79,-39.06,-0.03,99,0.719945086
7.750394821,1.5,1.79,-0.29,-0.8,DESCEND,1.79,-39,0,99,0.719945086
7.804722309,1.5,1.79,-0.29,-0.8,DESCEND,1.79,-39,0,99,0.719945086
7.858724117,1.5,1.77,-0.27,-0.8,DESCEND,1.77,-39.08,0.02,99,0.7123259466268602
7.901368856,1.5,1.77,-0.27,-0.8,DESCEND,1.77,-39.08,0.02,99,0.7123259466268602
7.955245733,1.5,1.72,-0.22,-0.8,DESCEND,1.72,-39.12,0.04,99,0.6932780986105282
8.008669853,1.5,1.72,-0.22,-0.8,DESCEND,1.72,-39.12,0.04,99,0.6932780986105282
8.051996946,1.5,1.72,-0.22,-0.8,DESCEND,1.72,-39.12,0.04,99,0.6932780986105282
8.107002497,1.5,1.66,-0.16,-0.8,DESCEND,1.66,-39.09,0.05,99,0.6704206809909299
8.150057554,1.5,1.66,-0.16,-0.8,DESCEND,1.66,-39.09,0.05,99,0.6704206809909299
8.203983068,1.5,1.6,-0.1,-0.8,DESCEND,1.6,-39.14,0.06,99,0.6475632633713316
8.257139683,1.5,1.54,-0.04,0,HOLD,1.54,-39.27,0.06,99,0.6247058457517334
8.302788734,1.5,1.54,-0.04,0,HOLD,1.54,-39.27,0.06,99,0.6247058457517334
8.356739283,1.5,1.54,-0.04,0,HOLD,1.54,-39.27,0.06,99,0.6247058457517334
8.400165558,1.5,1.47,0.03,0,HOLD,1.47,-39.37,0.07,99,0.5980388585288686
8.453378201,1.5,1.47,0.03,0,HOLD,1.47,-39.37,0.07,99,0.5980388585288686
8.506211758,1.5,1.4,0.1,1,CLIMB,1.4,-39.38,0.07,99,0.5713718713060039
8.559385061,1.5,1.4,0.1,1,CLIMB,1.4,-39.38,0.07,99,0.5713718713060039
8.60128665,1.5,1.35,0.15,1,CLIMB,1.35,-39.35,0.05,99,0.552324023
8.654530764,1.5,1.35,0.15,1,CLIMB,1.35,-39.35,0.05,99,0.552324023
8.708014965,1.5,1.32,0.18,1,CLIMB,1.32,-39.35,0.03,99,0.5408953144798728
8.751412153,1.5,1.32,0.18,1,CLIMB,1.32,-39.35,0.03,99,0.5408953144798728
8.804602861,1.5,1.32,0.18,1,CLIMB,1.32,-39.39,0.01,99,0.5408953144798728
8.858251095,1.5,1.32,0.18,1,CLIMB,1.32,-39.39,0.01,99,0.5408953144798728
8.900874615,1.5,1.33,0.17,1,CLIMB,1.33,-39.41,-0.01,99,0.5447048840831392
8.953707457,1.5,1.33,0.17,1,CLIMB,1.33,-39.41,-0.01,99,0.5447048840831392
9.007293701,1.5,1.38,0.12,1,CLIMB,1.38,-39.42,-0.04,99,0.5637527320994711
9.050348759,1.5,1.38,0.12,1,CLIMB,1.38,-39.42,-0.04,99,0.5637527320994711
9.104479074,1.5,1.45,0.05,0,HOLD,1.45,-39.32,-0.06,99,0.5904197193223358
9.157670259,1.5,1.45,0.05,0,HOLD,1.45,-39.32,-0.06,99,0.5904197193223358
9.200881243,1.5,1.53,-0.03,0,HOLD,1.53,-39.09,-0.07,99,0.620896276
9.253452063,1.5,1.53,-0.03,0,HOLD,1.53,-39.09,-0.07,99,0.620896276
9.307130814,1.5,1.63,-0.13,-0.8,DESCEND,1.63,-39.14,-0.08,99,0.6589919721811307
9.351826668,1.5,1.63,-0.13,-0.8,DESCEND,1.63,-39.14,-0.08,99,0.6589919721811307
9.405291796,1.5,1.69,-0.19,-0.8,DESCEND,1.69,-39.09,-0.08,99,0.6818493898007291
9.458044767,1.5,1.69,-0.19,-0.8,DESCEND,1.69,-39.09,-0.08,99,0.6818493898007291
9.500460625,1.5,1.76,-0.26,-0.8,DESCEND,1.76,-39.07,-0.07,99,0.7085163770235938
9.554354191,1.5,1.76,-0.26,-0.8,DESCEND,1.76,-39.07,-0.07,99,0.7085163770235938
9.607498646,1.5,1.79,-0.29,-0.8,DESCEND,1.79,-39,-0.04,98,0.719945086
9.651764154,1.5,1.79,-0.29,-0.8,DESCEND,1.79,-39,-0.04,98,0.719945086
9.706622839,1.5,1.8,-0.3,-0.8,DESCEND,1.8,-39.01,-0.01,98,0.7237546554366594
9.759836197,1.5,1.8,-0.3,-0.8,DESCEND,1.8,-39.01,-0.01,98,0.7237546554366594
9.801885128,1.5,1.77,-0.27,-0.8,DESCEND,1.77,-39.04,0.01,98,0.7123259466268602
9.854846239,1.5,1.77,-0.27,-0.8,DESCEND,1.77,-39.04,0.01,98,0.7123259466268602
9.90929985,1.5,1.74,-0.24,-0.8,DESCEND,1.74,-38.99,0.03,98,0.700897238
9.952475786,1.5,1.74,-0.24,-0.8,DESCEND,1.74,-38.99,0.03,98,0.700897238
10.00569201,1.5,1.69,-0.19,-0.8,DESCEND,1.69,-38.97,0.05,98,0.6818493898007291
10.05942392,1.5,1.69,-0.19,-0.8,DESCEND,1.69,-38.97,0.05,98,0.6818493898007291
10.1020503,1.5,1.62,-0.12,-0.8,DESCEND,1.62,-39.18,0.06,98,0.6551824025778644
10.15580034,1.5,1.55,-0.05,0,HOLD,1.55,-39.21,0.06,98,0.6285154153549998
10.20863056,1.5,1.55,-0.05,0,HOLD,1.55,-39.21,0.06,98,0.6285154153549998
10.25186992,1.5,1.48,0.02,0,HOLD,1.48,-39.2,0.07,98,0.601848428
10.30533862,1.5,1.48,0.02,0,HOLD,1.48,-39.2,0.07,98,0.601848428
10.35988426,1.5,1.41,0.09,0,HOLD,1.41,-39.23,0.07,98,0.5751814409092703
10.40359449,1.5,1.41,0.09,0,HOLD,1.41,-39.23,0.07,98,0.5751814409092703
10.45626187,1.5,1.36,0.14,1,CLIMB,1.36,-39.23,0.05,98,0.5561335928929384
10.50949693,1.5,1.36,0.14,1,CLIMB,1.36,-39.23,0.05,98,0.5561335928929384
10.55296183,1.5,1.33,0.17,1,CLIMB,1.33,-39.23,0.04,98,0.5447048840831392
10.60671234,1.5,1.33,0.17,1,CLIMB,1.33,-39.23,0.04,98,0.5447048840831392
10.65987635,1.5,1.31,0.19,1,CLIMB,1.31,-39.39,0.02,98,0.5370857448766064
10.70248079,1.5,1.31,0.19,1,CLIMB,1.31,-39.39,0.02,98,0.5370857448766064
10.75615764,1.5,1.31,0.19,1,CLIMB,1.31,-39.37,0,98,0.5370857448766064
10.80923223,1.5,1.31,0.19,1,CLIMB,1.31,-39.37,0,98,0.5370857448766064
10.85162973,1.5,1.31,0.19,1,CLIMB,1.31,-39.37,0,98,0.5370857448766064
10.90522003,1.5,1.34,0.16,1,CLIMB,1.34,-39.35,-0.02,98,0.5485144536864056
10.95964479,1.5,1.41,0.09,0,HOLD,1.41,-39.27,-0.05,98,0.5751814409092703
11.0024128,1.5,1.41,0.09,0,HOLD,1.41,-39.27,-0.05,98,0.5751814409092703
11.05612302,1.5,1.41,0.09,0,HOLD,1.41,-39.27,-0.05,98,0.5751814409092703
11.10034966,1.5,1.47,0.03,0,HOLD,1.47,-39.26,-0.07,98,0.5980388585288686
11.15474987,1.5,1.47,0.03,0,HOLD,1.47,-39.26,-0.07,98,0.5980388585288686
11.20855451,1.5,1.55,-0.05,0,HOLD,1.55,-39.25,-0.08,98,0.6285154153549998
11.25215864,1.5,1.55,-0.05,0,HOLD,1.55,-39.25,-0.08,98,0.6285154153549998
11.30591583,1.5,1.62,-0.12,-0.8,DESCEND,1.62,-39.27,-0.07,98,0.6551824025778644
11.35968375,1.5,1.62,-0.12,-0.8,DESCEND,1.62,-39.27,-0.07,98,0.6551824025778644
11.40279484,1.5,1.67,-0.17,-0.8,DESCEND,1.67,-39.14,-0.05,98,0.6742302505941963
11.45628071,1.5,1.67,-0.17,-0.8,DESCEND,1.67,-39.14,-0.05,98,0.6742302505941963
11.50985312,1.5,1.7,-0.2,-0.8,DESCEND,1.7,-39.09,-0.02,98,0.6856589594039955
11.55415821,1.5,1.7,-0.2,-0.8,DESCEND,1.7,-39.09,-0.02,98,0.6856589594039955
11.60728908,1.5,1.72,-0.22,-0.8,DESCEND,1.72,-39.12,0,97,0.6932780986105282
11.66057301,1.5,1.72,-0.22,-0.8,DESCEND,1.72,-39.12,0,97,0.6932780986105282
11.70342898,1.5,1.7,-0.2,-0.8,DESCEND,1.7,-39.11,0.02,97,0.6856589594039955
11.75687051,1.5,1.7,-0.2,-0.8,DESCEND,1.7,-39.11,0.02,97,0.6856589594039955
11.80175877,1.5,1.67,-0.17,-0.8,DESCEND,1.67,-39.11,0.04,97,0.6742302505941963
11.85522747,1.5,1.67,-0.17,-0.8,DESCEND,1.67,-39.11,0.04,97,0.6742302505941963
11.90916014,1.5,1.62,-0.12,-0.8,DESCEND,1.62,-39.19,0.05,97,0.6551824025778644
11.95221829,1.5,1.62,-0.12,-0.8,DESCEND,1.62,-39.19,0.05,97,0.6551824025778644
12.00590944,1.5,1.56,-0.06,0,HOLD,1.56,-39.18,0.06,97,0.6323249849582661
12.0596211,1.5,1.56,-0.06,0,HOLD,1.56,-39.18,0.06,97,0.6323249849582661
12.10214019,1.5,1.5,0,0,HOLD,1.5,-39.24,0.06,97,0.6094675673386678
12.15595913,1.5,1.5,0,0,HOLD,1.5,-39.24,0.06,97,0.6094675673386678
12.21009588,1.5,1.43,0.07,0,HOLD,1.43,-39.17,0.06,97,0.58280058
12.2530992,1.5,1.43,0.07,0,HOLD,1.43,-39.17,0.06,97,0.58280058
12.30701613,1.5,1.37,0.13,1,CLIMB,1.37,-39.37,0.04,97,0.5599431624962048
12.35028648,1.5,1.37,0.13,1,CLIMB,1.37,-39.37,0.04,97,0.5599431624962048
12.40324807,1.5,1.33,0.17,1,CLIMB,1.33,-39.35,0.03,97,0.5447048840831392
12.45684743,1.5,1.33,0.17,1,CLIMB,1.33,-39.35,0.03,97,0.5447048840831392
12.50980663,1.5,1.3,0.2,1,CLIMB,1.3,-39.37,0.01,97,0.533276175
12.55209827,1.5,1.3,0.2,1,CLIMB,1.3,-39.37,0.01,97,0.533276175
12.6048131,1.5,1.29,0.21,1,CLIMB,1.29,-39.37,-0.01,97,0.5294666056700736
12.65766621,1.5,1.29,0.21,1,CLIMB,1.29,-39.37,-0.01,97,0.5294666056700736
12.70005918,1.5,1.31,0.19,1,CLIMB,1.31,-39.33,-0.03,97,0.5370857448766064
12.75320482,1.5,1.31,0.19,1,CLIMB,1.31,-39.33,-0.03,97,0.5370857448766064
12.80621052,1.5,1.36,0.14,1,CLIMB,1.36,-39.31,-0.05,97,0.5561335928929384
12.85115862,1.5,1.36,0.14,1,CLIMB,1.36,-39.31,-0.05,97,0.5561335928929384
12.90503883,1.5,1.42,0.08,0,HOLD,1.42,-39.29,-0.07,97,0.5789910105125367
12.95867729,1.5,1.42,0.08,0,HOLD,1.42,-39.29,-0.07,97,0.5789910105125367
13.0014689,1.5,1.42,0.08,0,HOLD,1.42,-39.29,-0.07,97,0.5789910105125367
13.05456638,1.5,1.49,0.01,0,HOLD,1.49,-39.21,-0.08,97,0.6056579977354014
13.10792255,1.5,1.59,-0.09,0,HOLD,1.59,-39.27,-0.08,97,0.6437536937680652
13.15293074,1.5,1.59,-0.09,0,HOLD,1.59,-39.27,-0.08,97,0.6437536937680652
13.20675325,1.5,1.68,-0.18,-0.8,DESCEND,1.68,-39.18,-0.07,97,0.6780398201974627
13.26018977,1.5,1.68,-0.18,-0.8,DESCEND,1.68,-39.18,-0.07,97,0.6780398201974627
13.30366492,1.5,1.68,-0.18,-0.8,DESCEND,1.68,-39.18,-0.07,97,0.6780398201974627
13.35869098,1.5,1.74,-0.24,-0.8,DESCEND,1.74,-39.07,-0.05,97,0.700897238
13.40302658,1.5,1.74,-0.24,-0.8,DESCEND,1.74,-39.07,-0.05,97,0.700897238
13.45660996,1.5,1.78,-0.28,-0.8,DESCEND,1.78,-39.1,-0.03,97,0.7161355162301266
13.50203037,1.5,1.78,-0.28,-0.8,DESCEND,1.78,-39.1,-0.03,97,0.7161355162301266
13.55685782,1.5,1.8,-0.3,-0.8,DESCEND,1.8,-39.06,0,97,0.7237546554366594
13.61043191,1.5,1.8,-0.3,-0.8,DESCEND,1.8,-39.06,0,97,0.7237546554366594
13.65286875,1.5,1.8,-0.3,-0.8,DESCEND,1.8,-39.04,0.02,96,0.7237546554366594
13.70683575,1.5,1.8,-0.3,-0.8,DESCEND,1.8,-39.04,0.02,96,0.7237546554366594
13.76027966,1.5,1.77,-0.27,-0.8,DESCEND,1.77,-39.04,0.04,96,0.7123259466268602
13.803617,1.5,1.77,-0.27,-0.8,DESCEND,1.77,-39.04,0.04,96,0.7123259466268602
13.85724854,1.5,1.72,-0.22,-0.8,DESCEND,1.72,-39.12,0.05,96,0.6932780986105282
13.90223312,1.5,1.72,-0.22,-0.8,DESCEND,1.72,-39.12,0.05,96,0.6932780986105282
13.95564818,1.5,1.67,-0.17,-0.8,DESCEND,1.67,-39.21,0.06,96,0.6742302505941963
14.0006001,1.5,1.61,-0.11,-0.8,DESCEND,1.61,-39.23,0.07,96,0.651372833
14.05517578,1.5,1.61,-0.11,-0.8,DESCEND,1.61,-39.23,0.07,96,0.651372833
14.11016059,1.5,1.54,-0.04,0,HOLD,1.54,-39.25,0.07,96,0.6247058457517334
14.15401101,1.5,1.54,-0.04,0,HOLD,1.54,-39.25,0.07,96,0.6247058457517334
14.20728827,1.5,1.47,0.03,0,HOLD,1.47,-39.3,0.07,96,0.5980388585288686
14.25092244,1.5,1.47,0.03,0,HOLD,1.47,-39.3,0.07,96,0.5980388585288686
14.30410457,1.5,1.39,0.11,1,CLIMB,1.39,-39.32,0.06,96,0.5675623017027375
14.35733438,1.5,1.39,0.11,1,CLIMB,1.39,-39.32,0.06,96,0.5675623017027375
14.40088558,1.5,1.34,0.16,1,CLIMB,1.34,-39.41,0.04,96,0.5485144536864056
14.45522881,1.5,1.34,0.16,1,CLIMB,1.34,-39.41,0.04,96,0.5485144536864056
14.50808692,1.5,1.34,0.16,1,CLIMB,1.34,-39.41,0.04,96,0.5485144536864056
14.55085945,1.5,1.28,0.22,1,CLIMB,1.28,-39.34,0.02,96,0.5256570360668072
14.60407448,1.5,1.29,0.21,1,CLIMB,1.29,-39.46,0,96,0.5294666056700736
14.65733933,1.5,1.29,0.21,1,CLIMB,1.29,-39.46,0,96,0.5294666056700736
14.70023322,1.5,1.33,0.17,1,CLIMB,1.33,-39.33,-0.03,96,0.5447048840831392
14.75355101,1.5,1.33,0.17,1,CLIMB,1.33,-39.33,-0.03,96,0.5447048840831392
14.8073597,1.5,1.37,0.13,1,CLIMB,1.37,-39.33,-0.05,96,0.5599431624962048
14.85024047,1.5,1.37,0.13,1,CLIMB,1.37,-39.33,-0.05,96,0.5599431624962048
14.90427446,1.5,1.44,0.06,0,HOLD,1.44,-39.28,-0.07,96,0.5866101497190694
14.95758891,1.5,1.44,0.06,0,HOLD,1.44,-39.28,-0.07,96,0.5866101497190694
15.01023769,1.5,1.53,-0.03,0,HOLD,1.53,-39.26,-0.08,96,0.620896276
15.05307508,1.5,1.53,-0.03,0,HOLD,1.53,-39.26,-0.08,96,0.620896276
15.10620093,1.5,1.61,-0.11,-0.8,DESCEND,1.61,-39.23,-0.08,96,0.651372833
15.15922856,1.5,1.61,-0.11,-0.8,DESCEND,1.61,-39.23,-0.08,96,0.651372833
15.20183539,1.5,1.69,-0.19,-0.8,DESCEND,1.69,-39.17,-0.07,96,0.6818493898007291
15.2559495,1.5,1.69,-0.19,-0.8,DESCEND,1.69,-39.17,-0.07,96,0.6818493898007291
15.30017138,1.5,1.73,-0.23,-0.8,DESCEND,1.73,-39.11,-0.04,96,0.6970876682137946
15.35443091,1.5,1.73,-0.23,-0.8,DESCEND,1.73,-39.11,-0.04,96,0.6970876682137946
15.40800762,1.5,1.75,-0.25,-0.8,DESCEND,1.75,-39.08,-0.01,96,0.7047068074203274
15.45099759,1.5,1.75,-0.25,-0.8,DESCEND,1.75,-39.08,-0.01,96,0.7047068074203274
15.50481963,1.5,1.75,-0.25,-0.8,DESCEND,1.75,-39.07,0.01,96,0.7047068074203274
15.55817747,1.5,1.75,-0.25,-0.8,DESCEND,1.75,-39.07,0.01,96,0.7047068074203274
15.60084343,1.5,1.75,-0.25,-0.8,DESCEND,1.75,-39.07,0.01,96,0.7047068074203274
15.65354156,1.5,1.71,-0.21,-0.8,DESCEND,1.71,-39.13,0.03,95,0.6894685290072619
15.70657325,1.5,1.67,-0.17,-0.8,DESCEND,1.67,-39.14,0.04,95,0.6742302505941963
15.75972056,1.5,1.67,-0.17,-0.8,DESCEND,1.67,-39.14,0.04,95,0.6742302505941963
15.80334711,1.5,1.67,-0.17,-0.8,DESCEND,1.67,-39.14,0.04,95,0.6742302505941963
15.85648036,1.5,1.62,-0.12,-0.8,DESCEND,1.62,-39.15,0.05,95,0.6551824025778644
15.91021943,1.5,1.54,-0.04,0,HOLD,1.54,-39.24,0.06,95,0.6247058457517334
15.9540844,1.5,1.54,-0.04,0,HOLD,1.54,-39.24,0.06,95,0.6247058457517334
16.0075264,1.5,1.54,-0.04,0,HOLD,1.54,-39.24,0.06,95,0.6247058457517334
16.0512619,1.5,1.48,0.02,0,HOLD,1.48,-39.33,0.07,95,0.601848428
16.10547686,1.5,1.48,0.02,0,HOLD,1.48,-39.33,0.07,95,0.601848428
16.15869355,1.5,1.41,0.09,0,HOLD,1.41,-39.25,0.06,95,0.5751814409092703
16.20097017,1.5,1.41,0.09,0,HOLD,1.41,-39.25,0.06,95,0.5751814409092703
16.25316381,1.5,1.36,0.14,1,CLIMB,1.36,-39.36,0.04,95,0.5561335928929384
16.30632782,1.5,1.36,0.14,1,CLIMB,1.36,-39.36,0.04,95,0.5561335928929384
16.35973215,1.5,1.33,0.17,1,CLIMB,1.33,-39.42,0.03,95,0.5447048840831392
16.40285993,1.5,1.33,0.17,1,CLIMB,1.33,-39.42,0.03,95,0.5447048840831392
16.45587301,1.5,1.31,0.19,1,CLIMB,1.31,-39.35,0.02,95,0.5370857448766064
16.50891757,1.5,1.31,0.19,1,CLIMB,1.31,-39.35,0.02,95,0.5370857448766064
16.55142212,1.5,1.31,0.19,1,CLIMB,1.31,-39.44,0,95,0.5370857448766064
16.60451388,1.5,1.31,0.19,1,CLIMB,1.31,-39.44,0,95,0.5370857448766064
16.65700936,1.5,1.33,0.17,1,CLIMB,1.33,-39.31,-0.03,95,0.5447048840831392
16.70983696,1.5,1.33,0.17,1,CLIMB,1.33,-39.31,-0.03,95,0.5447048840831392
16.75223398,1.5,1.38,0.12,1,CLIMB,1.38,-39.22,-0.05,95,0.5637527320994711
16.80638576,1.5,1.38,0.12,1,CLIMB,1.38,-39.22,-0.05,95,0.5637527320994711
16.85945106,1.5,1.45,0.05,0,HOLD,1.45,-39.23,-0.07,95,0.5904197193223358
16.90321851,1.5,1.45,0.05,0,HOLD,1.45,-39.23,-0.07,95,0.5904197193223358
16.95707917,1.5,1.54,-0.04,0,HOLD,1.54,-39.25,-0.08,95,0.6247058457517334
17.00977707,1.5,1.54,-0.04,0,HOLD,1.54,-39.25,-0.08,95,0.6247058457517334
17.05288577,1.5,1.62,-0.12,-0.8,DESCEND,1.62,-39.18,-0.09,95,0.6551824025778644
17.10727596,1.5,1.62,-0.12,-0.8,DESCEND,1.62,-39.18,-0.09,95,0.6551824025778644
17.15038061,1.5,1.7,-0.2,-0.8,DESCEND,1.7,-39.07,-0.07,95,0.6856589594039955
17.20430017,1.5,1.7,-0.2,-0.8,DESCEND,1.7,-39.07,-0.07,95,0.6856589594039955
17.25717187,1.5,1.76,-0.26,-0.8,DESCEND,1.76,-39.04,-0.05,95,0.7085163770235938
17.31022811,1.5,1.76,-0.26,-0.8,DESCEND,1.76,-39.04,-0.05,95,0.7085163770235938
17.35293794,1.5,1.79,-0.29,-0.8,DESCEND,1.79,-38.97,-0.02,95,0.719945086
17.40614223,1.5,1.79,-0.29,-0.8,DESCEND,1.79,-38.97,-0.02,95,0.719945086
17.45975757,1.5,1.79,-0.29,-0.8,DESCEND,1.79,-39.01,0,95,0.719945086
17.50225401,1.5,1.79,-0.29,-0.8,DESCEND,1.79,-39.01,0,95,0.719945086
17.55676937,1.5,1.77,-0.27,-0.8,DESCEND,1.77,-39.04,0.02,94,0.7123259466268602
17.6014123,1.5,1.77,-0.27,-0.8,DESCEND,1.77,-39.04,0.02,94,0.7123259466268602
17.65485239,1.5,1.73,-0.23,-0.8,DESCEND,1.73,-38.97,0.04,94,0.6970876682137946
17.70784521,1.5,1.73,-0.23,-0.8,DESCEND,1.73,-38.97,0.04,94,0.6970876682137946
17.75092053,1.5,1.67,-0.17,-0.8,DESCEND,1.67,-39.1,0.05,94,0.6742302505941963
17.80458355,1.5,1.67,-0.17,-0.8,DESCEND,1.67,-39.1,0.05,94,0.6742302505941963
17.8578577,1.5,1.62,-0.12,-0.8,DESCEND,1.62,-39.19,0.06,94,0.6551824025778644
17.90101695,1.5,1.62,-0.12,-0.8,DESCEND,1.62,-39.19,0.06,94,0.6551824025778644
17.95513797,1.5,1.54,-0.04,0,HOLD,1.54,-39.27,0.07,94,0.6247058457517334
18.00860667,1.5,1.54,-0.04,0,HOLD,1.54,-39.27,0.07,94,0.6247058457517334
18.05233812,1.5,1.48,0.02,0,HOLD,1.48,-39.34,0.07,94,0.601848428
18.10646677,1.5,1.48,0.02,0,HOLD,1.48,-39.34,0.07,94,0.601848428
18.15956211,1.5,1.4,0.1,1,CLIMB,1.4,-39.31,0.07,94,0.5713718713060039
18.20292592,1.5,1.4,0.1,1,CLIMB,1.4,-39.31,0.07,94,0.5713718713060039
18.25590396,1.5,1.34,0.16,1,CLIMB,1.34,-39.4,0.05,94,0.5485144536864056
18.30969644,1.5,1.31,0.19,1,CLIMB,1.31,-39.37,0.03,94,0.5370857448766064
18.35333443,1.5,1.31,0.19,1,CLIMB,1.31,-39.37,0.03,94,0.5370857448766064
18.4071784,1.5,1.3,0.2,1,CLIMB,1.3,-39.37,0.01,94,0.533276175
18.45050812,1.5,1.3,0.2,1,CLIMB,1.3,-39.37,0.01,94,0.533276175
18.50302625,1.5,1.3,0.2,1,CLIMB,1.3,-39.37,0.01,94,0.533276175
18.55636477,1.5,1.3,0.2,1,CLIMB,1.3,-39.37,0.01,94,0.533276175
18.60897565,1.5,1.31,0.19,1,CLIMB,1.31,-39.35,-0.01,94,0.5370857448766064
18.65149951,1.5,1.36,0.14,1,CLIMB,1.36,-39.29,-0.04,94,0.5561335928929384
18.70440626,1.5,1.36,0.14,1,CLIMB,1.36,-39.29,-0.04,94,0.5561335928929384
18.75758195,1.5,1.42,0.08,0,HOLD,1.42,-39.27,-0.06,94,0.5789910105125367
18.80134654,1.5,1.42,0.08,0,HOLD,1.42,-39.27,-0.06,94,0.5789910105125367
18.85615373,1.5,1.5,0,0,HOLD,1.5,-39.17,-0.08,94,0.6094675673386678
18.90093231,1.5,1.5,0,0,HOLD,1.5,-39.17,-0.08,94,0.6094675673386678
18.95346475,1.5,1.59,-0.09,0,HOLD,1.59,-39.21,-0.09,94,0.6437536937680652
19.00643086,1.5,1.59,-0.09,0,HOLD,1.59,-39.21,-0.09,94,0.6437536937680652
19.06026316,1.5,1.68,-0.18,-0.8,DESCEND,1.68,-39.09,-0.07,94,0.6780398201974627
19.10268068,1.5,1.68,-0.18,-0.8,DESCEND,1.68,-39.09,-0.07,94,0.6780398201974627
19.15706754,1.5,1.74,-0.24,-0.8,DESCEND,1.74,-39.05,-0.06,94,0.700897238
19.20087242,1.5,1.74,-0.24,-0.8,DESCEND,1.74,-39.05,-0.06,94,0.700897238
19.25438714,1.5,1.78,-0.28,-0.8,DESCEND,1.78,-39.01,-0.04,94,0.7161355162301266
19.30881381,1.5,1.78,-0.28,-0.8,DESCEND,1.78,-39.01,-0.04,94,0.7161355162301266
19.35233688,1.5,1.8,-0.3,-0.8,DESCEND,1.8,-38.94,-0.01,94,0.7237546554366594
19.40686536,1.5,1.8,-0.3,-0.8,DESCEND,1.8,-38.94,-0.01,94,0.7237546554366594
19.45248079,1.5,1.8,-0.3,-0.8,DESCEND,1.8,-38.96,0.01,94,0.7237546554366594
19.50536561,1.5,1.8,-0.3,-0.8,DESCEND,1.8,-38.96,0.01,94,0.7237546554366594
19.56018996,1.5,1.76,-0.26,-0.8,DESCEND,1.76,-39.03,0.03,93,0.7085163770235938
19.6032517,1.5,1.76,-0.26,-0.8,DESCEND,1.76,-39.03,0.03,93,0.7085163770235938
19.65715599,1.5,1.72,-0.22,-0.8,DESCEND,1.72,-39.09,0.04,93,0.6932780986105282
19.70006323,1.5,1.72,-0.22,-0.8,DESCEND,1.72,-39.09,0.04,93,0.6932780986105282
19.75321269,1.5,1.66,-0.16,-0.8,DESCEND,1.66,-39.18,0.05,93,0.6704206809909299
19.80634284,1.5,1.66,-0.16,-0.8,DESCEND,1.66,-39.18,0.05,93,0.6704206809909299
19.86035109,1.5,1.6,-0.1,-0.8,DESCEND,1.6,-39.16,0.06,93,0.6475632633713316
19.90379262,1.5,1.6,-0.1,-0.8,DESCEND,1.6,-39.16,0.06,93,0.6475632633713316
19.95835018,1.5,1.53,-0.03,0,HOLD,1.53,-39.27,0.07,93,0.620896276
20.00150895,1.5,1.53,-0.03,0,HOLD,1.53,-39.27,0.07,93,0.620896276
20.05475664,1.5,1.45,0.05,0,HOLD,1.45,-39.33,0.07,93,0.5904197193223358
20.10855341,1.5,1.45,0.05,0,HOLD,1.45,-39.33,0.07,93,0.5904197193223358
20.15086484,1.5,1.39,0.11,1,CLIMB,1.39,-39.23,0.07,93,0.5675623017027375
20.2039845,1.5,1.39,0.11,1,CLIMB,1.39,-39.23,0.07,93,0.5675623017027375
20.25760388,1.5,1.33,0.17,1,CLIMB,1.33,-39.27,0.05,93,0.5447048840831392
20.30179167,1.5,1.33,0.17,1,CLIMB,1.33,-39.27,0.05,93,0.5447048840831392
20.35520267,1.5,1.29,0.21,1,CLIMB,1.29,-39.27,0.04,93,0.5294666056700736
20.40906644,1.5,1.29,0.21,1,CLIMB,1.29,-39.27,0.04,93,0.5294666056700736
20.45123124,1.5,1.28,0.22,1,CLIMB,1.28,-39.29,0.01,93,0.5256570360668072
20.5040822,1.5,1.28,0.22,1,CLIMB,1.28,-39.29,0.01,93,0.5256570360668072
20.55713415,1.5,1.31,0.19,1,CLIMB,1.31,-39.35,-0.02,93,0.5370857448766064
20.6104424,1.5,1.31,0.19,1,CLIMB,1.31,-39.35,-0.02,93,0.5370857448766064
20.6532619,1.5,1.31,0.19,1,CLIMB,1.31,-39.35,-0.02,93,0.5370857448766064
20.70649314,1.5,1.36,0.14,1,CLIMB,1.36,-39.25,-0.04,93,0.5561335928929384
20.75967908,1.5,1.43,0.07,0,HOLD,1.43,-39.27,-0.06,93,0.58280058
20.80290103,1.5,1.43,0.07,0,HOLD,1.43,-39.27,-0.06,93,0.58280058
20.85680103,1.5,1.52,-0.02,0,HOLD,1.52,-39.22,-0.08,93,0.6170867065452006
20.91001034,1.5,1.52,-0.02,0,HOLD,1.52,-39.22,-0.08,93,0.6170867065452006
20.95323539,1.5,1.52,-0.02,0,HOLD,1.52,-39.22,-0.08,93,0.6170867065452006
21.0074439,1.5,1.6,-0.1,-0.8,DESCEND,1.6,-39.15,-0.08,93,0.6475632633713316
21.0503304,1.5,1.6,-0.1,-0.8,DESCEND,1.6,-39.15,-0.08,93,0.6475632633713316
21.10354972,1.5,1.68,-0.18,-0.8,DESCEND,1.68,-39.13,-0.07,93,0.6780398201974627
21.15788674,1.5,1.68,-0.18,-0.8,DESCEND,1.68,-39.13,-0.07,93,0.6780398201974627
21.20168972,1.5,1.73,-0.23,-0.8,DESCEND,1.73,-39.1,-0.05,93,0.6970876682137946
21.25635529,1.5,1.73,-0.23,-0.8,DESCEND,1.73,-39.1,-0.05,93,0.6970876682137946
21.30100393,1.5,1.75,-0.25,-0.8,DESCEND,1.75,-39.03,-0.03,93,0.7047068074203274
21.35558605,1.5,1.75,-0.25,-0.8,DESCEND,1.75,-39.03,-0.03,93,0.7047068074203274
21.40195942,1.5,1.75,-0.25,-0.8,DESCEND,1.75,-38.97,0,93,0.7047068074203274
21.45706344,1.5,1.75,-0.25,-0.8,DESCEND,1.75,-38.97,0,93,0.7047068074203274
21.50228477,1.5,1.73,-0.23,-0.8,DESCEND,1.73,-39.1,0.01,93,0.6970876682137946
21.55605435,1.5,1.73,-0.23,-0.8,DESCEND,1.73,-39.1,0.01,93,0.6970876682137946
21.60952854,1.5,1.68,-0.18,-0.8,DESCEND,1.68,-39.09,0.03,92,0.6780398201974627
21.65188122,1.5,1.68,-0.18,-0.8,DESCEND,1.68,-39.09,0.03,92,0.6780398201974627
21.70558667,1.5,1.63,-0.13,-0.8,DESCEND,1.63,-39.11,0.05,92,0.6589919721811307
21.75838113,1.5,1.63,-0.13,-0.8,DESCEND,1.63,-39.11,0.05,92,0.6589919721811307
21.80044746,1.5,1.57,-0.07,0,HOLD,1.57,-39.23,0.06,92,0.6361345545615325
21.85431242,1.5,1.57,-0.07,0,HOLD,1.57,-39.23,0.06,92,0.6361345545615325
21.90655231,1.5,1.5,0,0,HOLD,1.5,-39.25,0.06,92,0.6094675673386678
21.95977497,1.5,1.5,0,0,HOLD,1.5,-39.25,0.06,92,0.6094675673386678
22.00294232,1.5,1.44,0.06,0,HOLD,1.44,-39.25,0.07,92,0.5866101497190694
22.05574489,1.5,1.44,0.06,0,HOLD,1.44,-39.25,0.07,92,0.5866101497190694
22.10971189,1.5,1.39,0.11,1,CLIMB,1.39,-39.17,0.06,92,0.5675623017027375
22.15291739,1.5,1.39,0.11,1,CLIMB,1.39,-39.17,0.06,92,0.5675623017027375
22.20658255,1.5,1.35,0.15,1,CLIMB,1.35,-39.31,0.04,92,0.552324023
22.26169896,1.5,1.35,0.15,1,CLIMB,1.35,-39.31,0.04,92,0.552324023
22.30486679,1.5,1.34,0.16,1,CLIMB,1.34,-39.32,0.02,92,0.5485144536864056
22.35875249,1.5,1.34,0.16,1,CLIMB,1.34,-39.32,0.02,92,0.5485144536864056
22.40235734,1.5,1.33,0.17,1,CLIMB,1.33,-39.36,0.01,92,0.5447048840831392
22.45609355,1.5,1.33,0.17,1,CLIMB,1.33,-39.36,0.01,92,0.5447048840831392
22.51013041,1.5,1.37,0.13,1,CLIMB,1.37,-39.21,-0.02,92,0.5599431624962048
22.5523653,1.5,1.37,0.13,1,CLIMB,1.37,-39.21,-0.02,92,0.5599431624962048
22.60542226,1.5,1.43,0.07,0,HOLD,1.43,-39.17,-0.04,92,0.58280058
22.65862036,1.5,1.43,0.07,0,HOLD,1.43,-39.17,-0.04,92,0.58280058
22.70409799,1.5,1.49,0.01,0,HOLD,1.49,-39.1,-0.06,92,0.6056579977354014
22.75754333,1.5,1.49,0.01,0,HOLD,1.49,-39.1,-0.06,92,0.6056579977354014
22.80012441,1.5,1.57,-0.07,0,HOLD,1.57,-39.14,-0.07,92,0.6361345545615325
22.85297346,1.5,1.57,-0.07,0,HOLD,1.57,-39.14,-0.07,92,0.6361345545615325
22.90664244,1.5,1.65,-0.15,-0.8,DESCEND,1.65,-39.06,-0.08,92,0.6666111113876635
22.96010089,1.5,1.65,-0.15,-0.8,DESCEND,1.65,-39.06,-0.08,92,0.6666111113876635
23.00240231,1.5,1.71,-0.21,-0.8,DESCEND,1.71,-39.12,-0.06,92,0.6894685290072619
23.05529237,1.5,1.75,-0.25,-0.8,DESCEND,1.75,-38.98,-0.04,92,0.7047068074203274
23.10915112,1.5,1.75,-0.25,-0.8,DESCEND,1.75,-38.98,-0.04,92,0.7047068074203274
23.15239048,1.5,1.77,-0.27,-0.8,DESCEND,1.77,-38.94,-0.02,92,0.7123259466268602
23.20539141,1.5,1.77,-0.27,-0.8,DESCEND,1.77,-38.94,-0.02,92,0.7123259466268602
23.25962949,1.5,1.76,-0.26,-0.8,DESCEND,1.76,-38.94,0,92,0.7085163770235938
23.30287409,1.5,1.76,-0.26,-0.8,DESCEND,1.76,-38.94,0,92,0.7085163770235938
23.3557477,1.5,1.72,-0.22,-0.8,DESCEND,1.72,-38.94,0.02,92,0.6932780986105282
23.41016912,1.5,1.72,-0.22,-0.8,DESCEND,1.72,-38.94,0.02,92,0.6932780986105282
23.4539609,1.5,1.72,-0.22,-0.8,DESCEND,1.72,-38.94,0.02,92,0.6932780986105282
23.5077076,1.5,1.68,-0.18,-0.8,DESCEND,1.68,-39.02,0.04,92,0.6780398201974627
23.55025005,1.5,1.68,-0.18,-0.8,DESCEND,1.68,-39.02,0.04,92,0.6780398201974627
23.60262299,1.5,1.62,-0.12,-0.8,DESCEND,1.62,-39.09,0.05,91,0.6551824025778644
23.65735483,1.5,1.62,-0.12,-0.8,DESCEND,1.62,-39.09,0.05,91,0.6551824025778644
23.70029068,1.5,1.56,-0.06,0,HOLD,1.56,-39.11,0.06,91,0.6323249849582661
23.75398183,1.5,1.56,-0.06,0,HOLD,1.56,-39.11,0.06,91,0.6323249849582661
23.80674148,1.5,1.48,0.02,0,HOLD,1.48,-39.12,0.06,91,0.601848428
23.85026383,1.5,1.48,0.02,0,HOLD,1.48,-39.12,0.06,91,0.601848428
23.90529513,1.5,1.41,0.09,0,HOLD,1.41,-39.13,0.07,91,0.5751814409092703
23.95989585,1.5,1.41,0.09,0,HOLD,1.41,-39.13,0.07,91,0.5751814409092703
24.00312877,1.5,1.35,0.15,1,CLIMB,1.35,-39.18,0.06,91,0.552324023
24.0563612,1.5,1.35,0.15,1,CLIMB,1.35,-39.18,0.06,91,0.552324023
24.10945988,1.5,1.31,0.19,1,CLIMB,1.31,-39.23,0.04,91,0.5370857448766064
24.15315652,1.5,1.31,0.19,1,CLIMB,1.31,-39.23,0.04,91,0.5370857448766064
24.20657372,1.5,1.28,0.22,1,CLIMB,1.28,-39.17,0.03,91,0.5256570360668072
24.26029921,1.5,1.28,0.22,1,CLIMB,1.28,-39.17,0.03,91,0.5256570360668072
24.3031826,1.5,1.28,0.22,1,CLIMB,1.28,-39.31,0.01,91,0.5256570360668072
24.35665417,1.5,1.28,0.22,1,CLIMB,1.28,-39.31,0.01,91,0.5256570360668072
24.40094662,1.5,1.31,0.19,1,CLIMB,1.31,-39.28,-0.01,91,0.5370857448766064
24.45444608,1.5,1.31,0.19,1,CLIMB,1.31,-39.28,-0.01,91,0.5370857448766064
24.50762415,1.5,1.35,0.15,1,CLIMB,1.35,-39.27,-0.04,91,0.552324023
24.55002284,1.5,1.35,0.15,1,CLIMB,1.35,-39.27,-0.04,91,0.552324023
24.60307074,1.5,1.42,0.08,0,HOLD,1.42,-39.1,-0.07,91,0.5789910105125367
24.65619421,1.5,1.42,0.08,0,HOLD,1.42,-39.1,-0.07,91,0.5789910105125367
24.70953178,1.5,1.5,0,0,HOLD,1.5,-39.09,-0.08,91,0.6094675673386678
24.75205207,1.5,1.5,0,0,HOLD,1.5,-39.09,-0.08,91,0.6094675673386678
24.80454254,1.5,1.58,-0.08,0,HOLD,1.58,-39.05,-0.08,91,0.6399441241647988
24.85799694,1.5,1.58,-0.08,0,HOLD,1.58,-39.05,-0.08,91,0.6399441241647988
24.90011644,1.5,1.66,-0.16,-0.8,DESCEND,1.66,-39.08,-0.06,91,0.6704206809909299
24.9532671,1.5,1.66,-0.16,-0.8,DESCEND,1.66,-39.08,-0.06,91,0.6704206809909299
25.00747538,1.5,1.72,-0.22,-0.8,DESCEND,1.72,-38.97,-0.05,91,0.6932780986105282
25.05041027,1.5,1.72,-0.22,-0.8,DESCEND,1.72,-38.97,-0.05,91,0.6932780986105282
25.10401416,1.5,1.77,-0.27,-0.8,DESCEND,1.77,-38.94,-0.02,91,0.7123259466268602
25.15776587,1.5,1.77,-0.27,-0.8,DESCEND,1.77,-38.94,-0.02,91,0.7123259466268602
25.2003119,1.5,1.78,-0.28,-0.8,DESCEND,1.78,-38.96,0,91,0.7161355162301266
25.25596356,1.5,1.78,-0.28,-0.8,DESCEND,1.78,-38.96,0,91,0.7161355162301266
25.30041695,1.5,1.77,-0.27,-0.8,DESCEND,1.77,-38.93,0.02,91,0.7123259466268602
25.35343122,1.5,1.77,-0.27,-0.8,DESCEND,1.77,-38.93,0.02,91,0.7123259466268602
25.40716028,1.5,1.73,-0.23,-0.8,DESCEND,1.73,-39.01,0.04,91,0.6970876682137946
25.45043015,1.5,1.73,-0.23,-0.8,DESCEND,1.73,-39.01,0.04,91,0.6970876682137946
25.50468707,1.5,1.68,-0.18,-0.8,DESCEND,1.68,-39.04,0.05,91,0.6780398201974627
25.55838037,1.5,1.68,-0.18,-0.8,DESCEND,1.68,-39.04,0.05,91,0.6780398201974627
25.60111523,1.5,1.62,-0.12,-0.8,DESCEND,1.62,-39.05,0.06,91,0.6551824025778644
25.65528321,1.5,1.62,-0.12,-0.8,DESCEND,1.62,-39.05,0.06,91,0.6551824025778644
25.71016288,1.5,1.56,-0.06,0,HOLD,1.56,-39.22,0.07,91,0.6323249849582661
25.75278544,1.5,1.56,-0.06,0,HOLD,1.56,-39.22,0.07,91,0.6323249849582661
25.80590296,1.5,1.5,0,0,HOLD,1.5,-39.28,0.07,91,0.6094675673386678
25.85922194,1.5,1.5,0,0,HOLD,1.5,-39.28,0.07,91,0.6094675673386678
25.90179753,1.5,1.5,0,0,HOLD,1.5,-39.28,0.07,91,0.6094675673386678
25.95530796,1.5,1.43,0.07,0,HOLD,1.43,-39.28,0.06,91,0.58280058
26.00840187,1.5,1.37,0.13,1,CLIMB,1.37,-39.31,0.04,91,0.5599431624962048
26.0509975,1.5,1.37,0.13,1,CLIMB,1.37,-39.31,0.04,91,0.5599431624962048
26.10435081,1.5,1.37,0.13,1,CLIMB,1.37,-39.31,0.04,91,0.5599431624962048
26.15773845,1.5,1.33,0.17,1,CLIMB,1.33,-39.37,0.03,91,0.5447048840831392
26.20111656,1.5,1.33,0.17,1,CLIMB,1.33,-39.37,0.03,91,0.5447048840831392
26.25469017,1.5,1.3,0.2,1,CLIMB,1.3,-39.32,0.01,91,0.533276175
26.30946279,1.5,1.3,0.2,1,CLIMB,1.3,-39.32,0.01,91,0.533276175
26.3523469,1.5,1.3,0.2,1,CLIMB,1.3,-39.35,-0.01,91,0.533276175
26.40645194,1.5,1.3,0.2,1,CLIMB,1.3,-39.35,-0.01,91,0.533276175
26.45991445,1.5,1.32,0.18,1,CLIMB,1.32,-39.33,-0.04,91,0.5408953144798728
26.50174999,1.5,1.32,0.18,1,CLIMB,1.32,-39.33,-0.04,91,0.5408953144798728
26.5553422,1.5,1.38,0.12,1,CLIMB,1.38,-39.3,-0.06,91,0.5637527320994711
26.60795593,1.5,1.38,0.12,1,CLIMB,1.38,-39.3,-0.06,91,0.5637527320994711
26.65037966,1.5,1.49,0.01,0,HOLD,1.49,-39.17,-0.07,90,0.6056579977354014
26.70358872,1.5,1.49,0.01,0,HOLD,1.49,-39.17,-0.07,90,0.6056579977354014
26.75666595,1.5,1.58,-0.08,0,HOLD,1.58,-39.1,-0.09,90,0.6399441241647988
26.80993319,1.5,1.58,-0.08,0,HOLD,1.58,-39.1,-0.09,90,0.6399441241647988
26.85670686,1.5,1.66,-0.16,-0.8,DESCEND,1.66,-39.07,-0.09,90,0.6704206809909299
26.90952682,1.5,1.66,-0.16,-0.8,DESCEND,1.66,-39.07,-0.09,90,0.6704206809909299
26.95262671,1.5,1.75,-0.25,-0.8,DESCEND,1.75,-39.01,-0.08,90,0.7047068074203274
27.005584,1.5,1.75,-0.25,-0.8,DESCEND,1.75,-39.01,-0.08,90,0.7047068074203274
27.05068278,1.5,1.8,-0.3,-0.8,DESCEND,1.8,-38.98,-0.06,90,0.7237546554366594
27.10424638,1.5,1.8,-0.3,-0.8,DESCEND,1.8,-38.98,-0.06,90,0.7237546554366594
27.15802479,1.5,1.84,-0.34,-0.8,DESCEND,1.84,-38.92,-0.03,90,0.7389929338497249
27.20075703,1.5,1.84,-0.34,-0.8,DESCEND,1.84,-38.92,-0.03,90,0.7389929338497249
27.25424552,1.5,1.84,-0.34,-0.8,DESCEND,1.84,-38.96,0,90,0.7389929338497249
27.30991244,1.5,1.84,-0.34,-0.8,DESCEND,1.84,-38.96,0,90,0.7389929338497249
27.35406423,1.5,1.81,-0.31,-0.8,DESCEND,1.81,-38.91,0.02,90,0.7275642250399258
27.40920258,1.5,1.81,-0.31,-0.8,DESCEND,1.81,-38.91,0.02,90,0.7275642250399258
27.45241284,1.5,1.77,-0.27,-0.8,DESCEND,1.77,-38.94,0.04,90,0.7123259466268602
27.50589085,1.5,1.73,-0.23,-0.8,DESCEND,1.73,-39.02,0.05,90,0.6970876682137946
27.55976033,1.5,1.73,-0.23,-0.8,DESCEND,1.73,-39.02,0.05,90,0.6970876682137946
27.6026473,1.5,1.73,-0.23,-0.8,DESCEND,1.73,-39.02,0.05,90,0.6970876682137946
27.65591574,1.5,1.66,-0.16,-0.8,DESCEND,1.66,-39.05,0.06,90,0.6704206809909299
27.70106101,1.5,1.6,-0.1,-0.8,DESCEND,1.6,-39.14,0.06,90,0.6475632633713316
27.75665879,1.5,1.6,-0.1,-0.8,DESCEND,1.6,-39.14,0.06,90,0.6475632633713316
27.80994964,1.5,1.53,-0.03,0,HOLD,1.53,-39.24,0.07,90,0.620896276
27.85246158,1.5,1.53,-0.03,0,HOLD,1.53,-39.24,0.07,90,0.620896276
27.90586591,1.5,1.53,-0.03,0,HOLD,1.53,-39.24,0.07,90,0.620896276
27.95966363,1.5,1.46,0.04,0,HOLD,1.46,-39.24,0.07,90,0.5942292889256022
28.00273108,1.5,1.39,0.11,1,CLIMB,1.39,-39.25,0.06,90,0.5675623017027375
28.05550051,1.5,1.39,0.11,1,CLIMB,1.39,-39.25,0.06,90,0.5675623017027375
28.10864329,1.5,1.34,0.16,1,CLIMB,1.34,-39.29,0.04,90,0.5485144536864056
28.15205455,1.5,1.34,0.16,1,CLIMB,1.34,-39.29,0.04,90,0.5485144536864056
28.20505881,1.5,1.34,0.16,1,CLIMB,1.34,-39.29,0.04,90,0.5485144536864056
28.25836778,1.5,1.31,0.19,1,CLIMB,1.31,-39.3,0.02,90,0.5370857448766064
28.30485058,1.5,1.32,0.18,1,CLIMB,1.32,-39.37,-0.01,90,0.5408953144798728
28.36024356,1.5,1.32,0.18,1,CLIMB,1.32,-39.37,-0.01,90,0.5408953144798728
28.40382123,1.5,1.36,0.14,1,CLIMB,1.36,-39.33,-0.03,90,0.5561335928929384
28.45656204,1.5,1.36,0.14,1,CLIMB,1.36,-39.33,-0.03,90,0.5561335928929384
28.509377,1.5,1.41,0.09,0,HOLD,1.41,-39.23,-0.06,90,0.5751814409092703
28.55185175,1.5,1.41,0.09,0,HOLD,1.41,-39.23,-0.06,90,0.5751814409092703
28.60468698,1.5,1.41,0.09,0,HOLD,1.41,-39.23,-0.06,90,0.5751814409092703
28.65840816,1.5,1.49,0.01,0,HOLD,1.49,-39.14,-0.07,90,0.6056579977354014
28.70152235,1.5,1.49,0.01,0,HOLD,1.49,-39.14,-0.07,90,0.6056579977354014
28.75448465,1.5,1.57,-0.07,0,HOLD,1.57,-39.14,-0.08,90,0.6361345545615325
28.80778551,1.5,1.57,-0.07,0,HOLD,1.57,-39.14,-0.08,90,0.6361345545615325
28.85130906,1.5,1.64,-0.14,-0.8,DESCEND,1.64,-39.1,-0.06,90,0.6628015417843971
28.90538454,1.5,1.64,-0.14,-0.8,DESCEND,1.64,-39.1,-0.06,90,0.6628015417843971
28.95852304,1.5,1.69,-0.19,-0.8,DESCEND,1.69,-39.08,-0.05,90,0.6818493898007291
29.00098848,1.5,1.69,-0.19,-0.8,DESCEND,1.69,-39.08,-0.05,90,0.6818493898007291
29.05410838,1.5,1.72,-0.22,-0.8,DESCEND,1.72,-39.02,-0.03,90,0.6932780986105282
29.10696363,1.5,1.72,-0.22,-0.8,DESCEND,1.72,-39.02,-0.03,90,0.6932780986105282
29.15303922,1.5,1.73,-0.23,-0.8,DESCEND,1.73,-38.98,0,90,0.6970876682137946
29.20718193,1.5,1.73,-0.23,-0.8,DESCEND,1.73,-38.98,0,90,0.6970876682137946
29.26031637,1.5,1.72,-0.22,-0.8,DESCEND,1.72,-39.04,0.01,90,0.6932780986105282
29.30253696,1.5,1.72,-0.22,-0.8,DESCEND,1.72,-39.04,0.01,90,0.6932780986105282
29.35519195,1.5,1.69,-0.19,-0.8,DESCEND,1.69,-39.17,0.03,90,0.6818493898007291
29.40842175,1.5,1.69,-0.19,-0.8,DESCEND,1.69,-39.17,0.03,90,0.6818493898007291
29.4510448,1.5,1.64,-0.14,-0.8,DESCEND,1.64,-39.11,0.05,90,0.6628015417843971
29.50360155,1.5,1.64,-0.14,-0.8,DESCEND,1.64,-39.11,0.05,90,0.6628015417843971
29.55637598,1.5,1.58,-0.08,0,HOLD,1.58,-39.19,0.06,90,0.6399441241647988
29.61088252,1.5,1.58,-0.08,0,HOLD,1.58,-39.19,0.06,90,0.6399441241647988
29.65456128,1.5,1.52,-0.02,0,HOLD,1.52,-39.2,0.06,90,0.6170867065452006
29.70766234,1.5,1.52,-0.02,0,HOLD,1.52,-39.2,0.06,90,0.6170867065452006
29.75199294,1.5,1.45,0.05,0,HOLD,1.45,-39.29,0.06,90,0.5904197193223358
29.80577302,1.5,1.45,0.05,0,HOLD,1.45,-39.29,0.06,90,0.5904197193223358
29.85918689,1.5,1.39,0.11,1,CLIMB,1.39,-39.24,0.05,90,0.5675623017027375
29.90286255,1.5,1.39,0.11,1,CLIMB,1.39,-39.24,0.05,90,0.5675623017027375
29.95553589,1.5,1.35,0.15,1,CLIMB,1.35,-39.3,0.03,90,0.552324023
