mission_time,step_index,velocity_cmd,step_time_remaining,height_sonar,height_baro,velocity_z,ax,ay,az,battery
0.0021278858184814453,0,0.0,2.9999852180480957,0.83,-40.04,0.0,0.05,-0.01,-9.88,100
0.057883501052856445,0,0.0,2.9442296028137207,0.83,-40.04,0.0,0.05,-0.01,-9.88,100
0.10203814506530762,0,0.0,2.9000749588012695,0.83,-40.08,0.0,0.09,-0.11,-9.8,100
0.1571366786956787,0,0.0,2.8449764251708984,0.83,-40.08,0.0,0.09,-0.11,-9.8,100
0.20145344734191895,0,0.0,2.800659656524658,0.83,-40.04,0.0,-0.17,0.08,-10.23,100
0.2568075656890869,0,0.0,2.7453055381774902,0.83,-40.04,0.0,-0.17,0.08,-10.23,100
0.3006734848022461,0,0.0,2.701439619064331,0.83,-39.99,0.0,-0.02,-0.04,-10.08,100
0.35552358627319336,0,0.0,2.646589517593384,0.83,-39.99,0.0,-0.02,-0.04,-10.08,100
0.4103739261627197,0,0.0,2.5917391777038574,0.84,-40.01,0.0,0.05,0.06,-9.72,100
0.45526695251464844,0,0.0,2.5468461513519287,0.84,-40.01,0.0,0.05,0.06,-9.72,100
0.511044979095459,0,0.0,2.491068124771118,0.83,-40.02,0.0,0.02,-0.11,-10.23,100
0.5552804470062256,0,0.0,2.4468326568603516,0.83,-40.02,0.0,0.02,-0.11,-10.23,100
0.6107063293457031,0,0.0,2.391406774520874,0.83,-40.0,0.0,0.0,0.01,-10.12,100
0.6546156406402588,0,0.0,2.3474974632263184,0.83,-40.0,0.0,0.0,0.01,-10.12,100
0.7095925807952881,0,0.0,2.292520523071289,0.83,-40.05,0.0,-0.08,0.03,-9.78,100
0.7546877861022949,0,0.0,2.2474253177642822,0.83,-40.05,0.0,-0.08,0.03,-9.78,100
0.8104183673858643,0,0.0,2.191694736480713,0.83,-40.05,0.0,-0.06,0.08,-9.84,100
0.8557713031768799,0,0.0,2.1463418006896973,0.83,-40.05,0.0,-0.06,0.08,-9.84,100
0.9001460075378418,0,0.0,2.1019670963287354,0.83,-40.05,0.0,-0.06,0.08,-9.84,100
0.9552500247955322,0,0.0,2.046863079071045,0.83,-40.09,0.0,0.02,0.0,-10.13,100
1.0005826950073242,0,0.0,2.001530408859253,0.83,-40.0,0.0,-0.11,0.07,-10.05,100
1.0561163425445557,0,0.0,1.9459967613220215,0.83,-40.0,0.0,-0.11,0.07,-10.05,100
1.100696325302124,0,0.0,1.9014167785644531,0.83,-40.0,0.0,-0.11,0.07,-10.05,100
1.1563537120819092,0,0.0,1.845759391784668,0.83,-39.97,0.0,-0.24,0.1,-10.01,100
1.2004902362823486,0,0.0,1.8016228675842285,0.83,-39.97,0.0,-0.24,0.1,-10.01,100
1.254591941833496,0,0.0,1.747521162033081,0.82,-40.03,0.0,0.06,0.02,-9.81,100
1.310222864151001,0,0.0,1.6918902397155762,0.82,-40.1,0.0,-0.13,0.1,-9.82,100
1.353940486907959,0,0.0,1.6481726169586182,0.82,-40.1,0.0,-0.13,0.1,-9.82,100
1.4088361263275146,0,0.0,1.5932769775390625,0.82,-40.02,0.0,-0.22,0.13,-9.98,100
1.4528555870056152,0,0.0,1.549257516860962,0.82,-40.02,0.0,-0.22,0.13,-9.98,100
1.5087285041809082,0,0.0,1.493384599685669,0.82,-40.02,0.0,0.04,0.05,-10.14,100
1.553283929824829,0,0.0,1.448829174041748,0.82,-40.02,0.0,0.04,0.05,-10.14,100
1.6091971397399902,0,0.0,1.392915964126587,0.82,-40.06,0.0,-0.04,-0.11,-9.96,100
1.6526389122009277,0,0.0,1.3494741916656494,0.82,-40.06,0.0,-0.04,-0.11,-9.96,100
1.707195520401001,0,0.0,1.2949175834655762,0.82,-40.09,0.0,-0.11,0.12,-10.01,100
1.7507309913635254,0,0.0,1.2513821125030518,0.82,-40.09,0.0,-0.11,0.12,-10.01,100
1.806835651397705,0,0.0,1.195277452468872,0.82,-40.12,0.0,-0.2,0.16,-9.69,100
1.8522932529449463,0,0.0,1.1498198509216309,0.82,-40.12,0.0,-0.2,0.16,-9.69,100
1.9084999561309814,0,0.0,1.0936131477355957,0.82,-40.08,0.0,-0.04,0.0,-10.13,100
1.9532721042633057,0,0.0,1.0488409996032715,0.82,-40.08,0.0,-0.04,0.0,-10.13,100
2.009071111679077,0,0.0,0.9930419921875,0.82,-40.09,0.0,-0.05,0.05,-9.89,100
2.0536439418792725,0,0.0,0.9484691619873047,0.82,-40.09,0.0,-0.05,0.05,-9.89,100
2.1099448204040527,0,0.0,0.8921682834625244,0.83,-39.99,0.0,-0.07,0.12,-9.84,100
2.154600143432617,0,0.0,0.84751296043396,0.83,-39.99,0.0,-0.07,0.12,-9.84,100
2.209646463394165,0,0.0,0.7924666404724121,0.82,-40.0,0.0,0.06,0.04,-10.16,100
2.2534332275390625,0,0.0,0.7486798763275146,0.82,-40.0,0.0,0.06,0.04,-10.16,100
2.308500289916992,0,0.0,0.693612813949585,0.82,-40.12,0.0,-0.13,-0.06,-10.15,100
2.3530147075653076,0,0.0,0.6490983963012695,0.82,-40.12,0.0,-0.13,-0.06,-10.15,100
2.4077632427215576,0,0.0,0.5943498611450195,0.82,-40.08,0.0,0.02,0.14,-9.65,100
2.4519243240356445,0,0.0,0.5501887798309326,0.82,-40.08,0.0,0.02,0.14,-9.65,100
2.5069785118103027,0,0.0,0.4951345920562744,0.82,-40.04,0.0,-0.13,0.14,-10.05,100
2.550595283508301,0,0.0,0.45151782035827637,0.82,-40.04,0.0,-0.13,0.14,-10.05,100
2.605682373046875,0,0.0,0.39643073081970215,0.82,-40.02,0.0,-0.15,0.12,-9.87,100
2.660372495651245,0,0.0,0.34174060821533203,0.82,-40.02,0.0,-0.15,0.12,-9.87,100
2.704258441925049,0,0.0,0.2978546619415283,0.82,-40.02,0.0,-0.21,0.09,-9.93,100
2.759704828262329,0,0.0,0.24240827560424805,0.82,-40.02,0.0,-0.21,0.09,-9.93,100
2.804396152496338,0,0.0,0.19771695137023926,0.82,-40.02,0.0,0.02,0.04,-10.02,100
2.85918927192688,0,0.0,0.14292383193969727,0.82,-40.02,0.0,0.02,0.04,-10.02,100
2.9031620025634766,0,0.0,0.09895110130310059,0.81,-40.05,0.0,-0.15,0.09,-9.95,100
2.9585154056549072,0,0.0,0.04359769821166992,0.81,-40.05,0.0,-0.15,0.09,-9.95,100
3.005699396133423,1,0.2,3.499990224838257,0.81,-40.09,0.0,-0.14,-0.02,-10.01,100
3.061155080795288,1,0.2,3.4445345401763916,0.81,-40.09,0.0,-0.14,-0.02,-10.01,100
3.105123281478882,1,0.2,3.400566339492798,0.81,-40.1,0.0,0.1,-0.14,-10.15,100
3.150757312774658,1,0.2,3.3549323081970215,0.81,-40.1,0.0,0.1,-0.14,-10.15,100
3.2068800926208496,1,0.2,3.29880952835083,0.81,-40.02,0.0,0.11,-0.02,-10.68,100
3.250809669494629,1,0.2,3.254879951477051,0.81,-40.02,0.0,0.11,-0.02,-10.68,100
3.3077569007873535,1,0.2,3.197932720184326,0.81,-40.04,0.0,-0.31,0.08,-10.26,100
3.352301597595215,1,0.2,3.153388023376465,0.81,-40.04,0.0,-0.31,0.08,-10.26,100
3.4079697132110596,1,0.2,3.09771990776062,0.82,-40.0,0.0,-0.03,-0.07,-10.24,100
3.4524643421173096,1,0.2,3.05322527885437,0.82,-40.0,0.0,-0.03,-0.07,-10.24,100
3.509122371673584,1,0.2,2.9965672492980957,0.82,-39.99,0.0,-0.02,-0.02,-10.32,100
3.553689479827881,1,0.2,2.952000141143799,0.82,-39.99,0.0,-0.02,-0.02,-10.32,100
3.6095211505889893,1,0.2,2.8961684703826904,0.83,-39.99,0.0,-0.08,0.08,-10.06,100
3.6540443897247314,1,0.2,2.8516452312469482,0.83,-39.99,0.0,-0.08,0.08,-10.06,100
3.7097113132476807,1,0.2,2.795978307723999,0.84,-40.03,0.0,-0.22,0.0,-9.96,100
3.7545273303985596,1,0.2,2.75116229057312,0.84,-40.03,0.0,-0.22,0.0,-9.96,100
3.8099329471588135,1,0.2,2.695756673812866,0.85,-39.95,0.0,0.0,-0.07,-10.09,100
3.8541457653045654,1,0.2,2.6515438556671143,0.85,-39.95,0.0,0.0,-0.07,-10.09,100
3.909184217453003,1,0.2,2.5965054035186768,0.86,-39.99,0.0,-0.25,0.06,-9.81,100
3.952638626098633,1,0.2,2.553050994873047,0.86,-39.99,0.0,-0.25,0.06,-9.81,100
4.0075225830078125,1,0.2,2.498167037963867,0.86,-39.99,0.0,-0.25,0.06,-9.81,100
4.052627325057983,1,0.2,2.4530622959136963,0.87,-39.95,0.0,-0.18,-0.04,-10.12,100
4.1085731983184814,1,0.2,2.3971164226531982,0.87,-39.95,0.0,-0.18,-0.04,-10.12,100
4.153547525405884,1,0.2,2.352142095565796,0.87,-39.98,0.0,-0.05,-0.01,-10.14,100
4.2082836627960205,1,0.2,2.297405958175659,0.87,-39.98,0.0,-0.05,-0.01,-10.14,100
4.2531561851501465,1,0.2,2.252533435821533,0.88,-40.03,0.0,-0.07,0.0,-10.01,100
4.3090128898620605,1,0.2,2.196676731109619,0.88,-40.03,0.0,-0.07,0.0,-10.01,100
4.352821111679077,1,0.2,2.1528685092926025,0.89,-40.0,0.0,0.04,-0.11,-10.1,100
4.408307790756226,1,0.2,2.097381830215454,0.89,-40.0,0.0,0.04,-0.11,-10.1,100
4.452453851699829,1,0.2,2.0532357692718506,0.9,-39.96,0.0,-0.13,-0.06,-10.25,100
4.5083208084106445,1,0.2,1.9973688125610352,0.9,-39.96,0.0,-0.13,-0.06,-10.25,100
4.553082227706909,1,0.2,1.9526073932647705,0.91,-40.01,0.0,0.17,-0.13,-10.19,100
4.60808253288269,1,0.2,1.8976070880889893,0.91,-40.01,0.0,0.17,-0.13,-10.19,100
4.651967525482178,1,0.2,1.853722095489502,0.92,-39.97,0.0,-0.23,0.13,-9.81,100
4.7068846225738525,1,0.2,1.7988049983978271,0.92,-39.97,0.0,-0.23,0.13,-9.81,100
4.751019477844238,1,0.2,1.7546701431274414,0.92,-40.0,0.0,-0.01,-0.13,-9.84,100
4.8063437938690186,1,0.2,1.6993458271026611,0.92,-40.0,0.0,-0.01,-0.13,-9.84,100
4.850626230239868,1,0.2,1.6550633907318115,0.93,-39.97,0.0,-0.09,0.04,-10.04,100
4.90673041343689,1,0.2,1.59895920753479,0.93,-39.97,0.0,-0.09,0.04,-10.04,100
4.951139450073242,1,0.2,1.5545501708984375,0.94,-39.93,0.0,-0.14,-0.02,-10.15,100
5.006875276565552,1,0.2,1.498814344406128,0.94,-39.93,0.0,-0.14,-0.02,-10.15,100
5.050634384155273,1,0.2,1.4550552368164062,0.95,-39.89,0.0,-0.17,0.13,-9.84,100
5.106821298599243,1,0.2,1.3988683223724365,0.95,-39.89,0.0,-0.17,0.13,-9.84,100
5.151129484176636,1,0.2,1.354560136795044,0.95,-39.93,0.0,-0.32,0.13,-9.96,100
5.207324504852295,1,0.2,1.2983651161193848,0.95,-39.93,0.0,-0.32,0.13,-9.96,100
5.252475023269653,1,0.2,1.2532145977020264,0.96,-39.92,0.0,-0.23,0.11,-9.86,100
5.307891845703125,1,0.2,1.1977977752685547,0.96,-39.92,0.0,-0.23,0.11,-9.86,100
5.351672172546387,1,0.2,1.154017448425293,0.97,-39.83,0.0,-0.35,0.06,-10.04,100
5.4072370529174805,1,0.2,1.0984525680541992,0.97,-39.83,0.0,-0.35,0.06,-10.04,100
5.451069593429565,1,0.2,1.0546200275421143,0.97,-39.82,0.0,-0.07,-0.1,-9.94,100
5.506216049194336,1,0.2,0.9994735717773438,0.97,-39.82,0.0,-0.07,-0.1,-9.94,100
5.5512683391571045,1,0.2,0.9544212818145752,0.98,-39.9,0.0,-0.19,0.24,-9.96,100
5.607574701309204,1,0.2,0.8981149196624756,0.98,-39.9,0.0,-0.19,0.24,-9.96,100
5.652560472488403,1,0.2,0.8531291484832764,0.99,-39.86,0.0,-0.04,0.04,-10.08,100
5.707966327667236,1,0.2,0.7977232933044434,0.99,-39.86,0.0,-0.04,0.04,-10.08,100
5.753081321716309,1,0.2,0.7526082992553711,1.0,-39.9,0.0,-0.13,0.11,-9.88,100
5.80915379524231,1,0.2,0.6965358257293701,1.0,-39.9,0.0,-0.13,0.11,-9.88,100
5.854030609130859,1,0.2,0.6516590118408203,1.0,-39.93,0.0,-0.09,0.07,-9.89,100
5.908823728561401,1,0.2,0.5968658924102783,1.0,-39.93,0.0,-0.09,0.07,-9.89,100
5.953121185302734,1,0.2,0.5525684356689453,1.01,-39.84,0.0,-0.09,0.08,-10.37,100
6.008776664733887,1,0.2,0.49691295623779297,1.02,-39.9,0.0,-0.07,0.15,-9.86,100
6.053567171096802,1,0.2,0.45212244987487793,1.02,-39.9,0.0,-0.07,0.15,-9.86,100
6.108969211578369,1,0.2,0.39672040939331055,1.03,-39.9,0.0,-0.21,0.16,-9.67,100
6.152787685394287,1,0.2,0.3529019355773926,1.03,-39.9,0.0,-0.21,0.16,-9.67,100
6.208545923233032,1,0.2,0.29714369773864746,1.03,-39.9,0.0,-0.21,0.16,-9.67,100
6.253327369689941,1,0.2,0.2523622512817383,1.03,-39.9,0.0,-0.21,0.16,-9.67,100
6.310401916503906,1,0.2,0.19528770446777344,1.04,-39.85,0.0,0.04,-0.01,-10.16,100
6.3540143966674805,1,0.2,0.15167522430419922,1.04,-39.85,0.0,0.04,-0.01,-10.16,100
6.410274267196655,1,0.2,0.09541535377502441,1.05,-39.84,0.0,-0.07,0.07,-10.03,100
6.455488204956055,1,0.2,0.050201416015625,1.05,-39.84,0.0,-0.07,0.07,-10.03,100
6.500452995300293,1,0.2,0.005236625671386719,1.06,-39.82,0.0,0.04,0.0,-9.91,100
6.556433439254761,2,0.0,2.9561495780944824,1.06,-39.82,0.0,0.04,0.0,-9.91,100
6.600876808166504,2,0.0,2.9117062091827393,1.07,-39.84,0.0,-0.01,-0.01,-9.9,100
6.656050205230713,2,0.0,2.8565328121185303,1.07,-39.84,0.0,-0.01,-0.01,-9.9,100
6.700036287307739,2,0.0,2.812546730041504,1.07,-39.73,0.0,-0.02,-0.04,-10.01,100
6.754723787307739,2,0.0,2.757859230041504,1.08,-39.77,0.0,0.18,-0.02,-9.8,100
6.8105149269104,2,0.0,2.7020680904388428,1.08,-39.77,0.0,0.18,-0.02,-9.8,100
6.855635643005371,2,0.0,2.656947374343872,1.09,-39.72,0.0,0.11,0.0,-10.03,100
6.9006218910217285,2,0.0,2.6119611263275146,1.09,-39.72,0.0,0.11,0.0,-10.03,100
6.956103086471558,2,0.0,2.5564799308776855,1.09,-39.73,0.0,0.18,-0.15,-10.07,100
7.000367641448975,2,0.0,2.5122153759002686,1.09,-39.73,0.0,0.18,-0.15,-10.07,100
7.0560526847839355,2,0.0,2.4565303325653076,1.09,-39.72,0.0,-0.15,0.16,-9.73,100
7.101041555404663,2,0.0,2.41154146194458,1.09,-39.72,0.0,-0.15,0.16,-9.73,100
7.155892610549927,2,0.0,2.3566904067993164,1.09,-39.77,0.0,-0.19,0.0,-9.9,100
7.200437545776367,2,0.0,2.312145471572876,1.09,-39.77,0.0,-0.19,0.0,-9.9,100
7.2553181648254395,2,0.0,2.2572648525238037,1.09,-39.75,0.0,0.04,-0.14,-9.92,100
7.309699773788452,2,0.0,2.202883243560791,1.09,-39.75,0.0,0.04,-0.14,-9.92,100
7.353811264038086,2,0.0,2.1587717533111572,1.09,-39.74,0.0,0.15,-0.1,-10.03,100
7.409723520278931,2,0.0,2.1028594970703125,1.09,-39.74,0.0,0.15,-0.1,-10.03,100
7.454094409942627,2,0.0,2.058488607406616,1.09,-39.73,0.0,0.05,-0.1,-10.01,100
7.509663343429565,2,0.0,2.0029196739196777,1.09,-39.73,0.0,0.05,-0.1,-10.01,100
7.553767442703247,2,0.0,1.958815574645996,1.08,-39.73,0.0,0.12,0.01,-10.12,100
7.609594821929932,2,0.0,1.9029881954193115,1.08,-39.73,0.0,0.12,0.01,-10.12,100
7.653721809387207,2,0.0,1.8588612079620361,1.07,-39.79,0.0,0.06,0.05,-10.0,100
7.708823204040527,2,0.0,1.8037598133087158,1.07,-39.79,0.0,0.06,0.05,-10.0,100
7.75371241569519,2,0.0,1.7588706016540527,1.07,-39.79,0.0,-0.02,0.1,-10.16,100
7.81023907661438,2,0.0,1.7023439407348633,1.07,-39.79,0.0,-0.02,0.1,-10.16,100
7.854065418243408,2,0.0,1.658517599105835,1.06,-39.8,0.0,-0.04,-0.09,-10.2,100
7.9097371101379395,2,0.0,1.6028459072113037,1.06,-39.8,0.0,-0.04,-0.09,-10.2,100
7.9549241065979,2,0.0,1.5576589107513428,1.05,-39.76,0.0,0.0,0.17,-10.09,100
8.0103440284729,2,0.0,1.5022389888763428,1.05,-39.76,0.0,0.0,0.17,-10.09,100
8.05495309829712,2,0.0,1.457629919052124,1.05,-39.83,0.0,0.05,0.02,-9.74,100
8.110097408294678,2,0.0,1.4024856090545654,1.05,-39.83,0.0,0.05,0.02,-9.74,100
8.154771089553833,2,0.0,1.3578119277954102,1.04,-39.81,0.0,-0.18,0.0,-10.04,100
8.210036516189575,2,0.0,1.302546501159668,1.04,-39.81,0.0,-0.18,0.0,-10.04,100
8.254995107650757,2,0.0,1.2575879096984863,1.04,-39.72,0.0,-0.17,0.11,-9.91,100
8.300026655197144,2,0.0,1.2125563621520996,1.04,-39.72,0.0,-0.17,0.11,-9.91,100
8.355870962142944,2,0.0,1.1567120552062988,1.04,-39.75,0.0,0.01,0.01,-10.38,100
8.400136709213257,2,0.0,1.1124463081359863,1.04,-39.75,0.0,0.01,0.01,-10.38,100
8.456877946853638,2,0.0,1.0557050704956055,1.04,-39.77,0.0,-0.02,0.08,-10.23,100
8.501220941543579,2,0.0,1.011362075805664,1.04,-39.77,0.0,-0.02,0.08,-10.23,100
8.55599856376648,2,0.0,0.9565844535827637,1.04,-39.73,0.0,0.04,0.09,-10.0,100
8.600087642669678,2,0.0,0.9124953746795654,1.04,-39.73,0.0,0.04,0.09,-10.0,100
8.6554594039917,2,0.0,0.857123613357544,1.04,-39.68,0.0,0.14,-0.14,-9.99,100
8.701262950897217,2,0.0,0.8113200664520264,1.04,-39.68,0.0,0.14,-0.14,-9.99,100
8.75611162185669,2,0.0,0.7564713954925537,1.04,-39.77,0.0,-0.08,0.26,-10.01,100
8.810432434082031,2,0.0,0.7021505832672119,1.04,-39.77,0.0,-0.08,0.26,-10.01,100
8.854698896408081,2,0.0,0.6578841209411621,1.04,-39.77,0.0,-0.08,0.26,-10.01,100
8.910459995269775,2,0.0,0.6021230220794678,1.05,-39.7,0.0,-0.12,0.13,-9.83,100
8.954787969589233,2,0.0,0.5577950477600098,1.05,-39.7,0.0,-0.12,0.13,-9.83,100
9.010536909103394,2,0.0,0.5020461082458496,1.05,-39.69,0.0,-0.03,0.02,-9.73,100
9.054908037185669,2,0.0,0.4576749801635742,1.05,-39.69,0.0,-0.03,0.02,-9.73,100
9.10001277923584,2,0.0,0.4125702381134033,1.05,-39.78,0.0,-0.06,-0.03,-9.64,100
9.156832933425903,2,0.0,0.35575008392333984,1.05,-39.78,0.0,-0.06,-0.03,-9.64,100
9.201429843902588,2,0.0,0.3111531734466553,1.06,-39.67,0.0,-0.03,-0.11,-10.3,100
9.257213354110718,2,0.0,0.2553696632385254,1.06,-39.67,0.0,-0.03,-0.11,-10.3,100
9.301665306091309,2,0.0,0.21091771125793457,1.06,-39.73,0.0,-0.11,0.12,-9.87,100
9.356683492660522,2,0.0,0.1558995246887207,1.06,-39.73,0.0,-0.11,0.12,-9.87,100
9.401238679885864,2,0.0,0.1113443374633789,1.07,-39.75,0.0,-0.12,0.17,-9.78,100
9.457025051116943,2,0.0,0.055557966232299805,1.07,-39.75,0.0,-0.12,0.17,-9.78,100
9.501415014266968,2,0.0,0.01116800308227539,1.07,-39.68,0.0,-0.02,0.0,-10.33,100
9.557740688323975,3,-0.15,3.967100143432617,1.07,-39.68,0.0,-0.02,0.0,-10.33,100
9.602625131607056,3,-0.15,3.922215700149536,1.07,-39.65,0.0,-0.06,0.12,-9.71,100
9.657680749893188,3,-0.15,3.8671600818634033,1.07,-39.65,0.0,-0.06,0.12,-9.71,100
9.701898097991943,3,-0.15,3.8229427337646484,1.08,-39.64,0.0,-0.14,0.08,-9.74,100
9.75773286819458,3,-0.15,3.7671079635620117,1.08,-39.64,0.0,-0.14,0.08,-9.74,100
9.802033424377441,3,-0.15,3.7228074073791504,1.08,-39.66,0.0,-0.1,-0.06,-10.04,100
9.85781455039978,3,-0.15,3.6670262813568115,1.08,-39.66,0.0,-0.1,-0.06,-10.04,100
9.90338945388794,3,-0.15,3.6214513778686523,1.08,-39.6,0.0,-0.34,0.25,-9.76,100
9.958574056625366,3,-0.15,3.5662667751312256,1.08,-39.6,0.0,-0.34,0.25,-9.76,100
10.002822160720825,3,-0.15,3.5220186710357666,1.08,-39.68,0.0,-0.08,0.08,-9.65,100
10.058720588684082,3,-0.15,3.4661202430725098,1.08,-39.68,0.0,-0.08,0.08,-9.65,100
10.102631330490112,3,-0.15,3.4222095012664795,1.08,-39.7,0.0,0.03,-0.05,-10.16,100
10.159377813339233,3,-0.15,3.3654630184173584,1.08,-39.7,0.0,0.03,-0.05,-10.16,100
10.204073190689087,3,-0.15,3.320767641067505,1.08,-39.73,0.0,-0.24,0.23,-9.61,100
10.260637521743774,3,-0.15,3.2642033100128174,1.08,-39.73,0.0,-0.24,0.23,-9.61,100
10.305203437805176,3,-0.15,3.219637393951416,1.08,-39.7,0.0,0.06,0.03,-9.96,100
10.360977411270142,3,-0.15,3.16386342048645,1.08,-39.7,0.0,0.06,0.03,-9.96,100
10.406174898147583,3,-0.15,3.118665933609009,1.07,-39.7,0.0,0.11,-0.09,-9.85,100
10.451118230819702,3,-0.15,3.0737226009368896,1.07,-39.7,0.0,0.11,-0.09,-9.85,100
10.506444454193115,3,-0.15,3.0183963775634766,1.07,-39.71,0.0,-0.16,0.12,-9.56,100
10.550276517868042,3,-0.15,2.97456431388855,1.07,-39.71,0.0,-0.16,0.12,-9.56,100
10.606061220169067,3,-0.15,2.9187796115875244,1.05,-39.78,0.0,-0.09,0.08,-9.98,100
10.650060176849365,3,-0.15,2.8747806549072266,1.05,-39.78,0.0,-0.09,0.08,-9.98,100
10.704927921295166,3,-0.15,2.819912910461426,1.05,-39.79,0.0,0.01,-0.05,-10.36,100
10.760180234909058,3,-0.15,2.764660596847534,1.05,-39.79,0.0,0.01,-0.05,-10.36,100
10.80492901802063,3,-0.15,2.719911813735962,1.04,-39.86,0.0,-0.18,0.16,-9.77,100
10.860733032226562,3,-0.15,2.6641077995300293,1.04,-39.86,0.0,-0.18,0.16,-9.77,100
10.90536880493164,3,-0.15,2.619472026824951,1.03,-39.82,0.0,0.01,0.1,-10.1,100
10.960649251937866,3,-0.15,2.5641915798187256,1.03,-39.82,0.0,0.01,0.1,-10.1,100
11.005155324935913,3,-0.15,2.5196855068206787,1.03,-39.83,0.0,-0.01,0.06,-10.26,100
11.060437202453613,3,-0.15,2.4644036293029785,1.03,-39.83,0.0,-0.01,0.06,-10.26,100
11.105891942977905,3,-0.15,2.4189488887786865,1.02,-39.8,0.0,0.02,0.03,-9.72,100
11.160863876342773,3,-0.15,2.3639769554138184,1.02,-39.8,0.0,0.02,0.03,-9.72,100
11.205154418945312,3,-0.15,2.3196864128112793,1.01,-39.81,0.0,-0.18,0.19,-9.85,100
11.260828733444214,3,-0.15,2.264012098312378,1.01,-39.81,0.0,-0.18,0.19,-9.85,100
11.305374383926392,3,-0.15,2.2194664478302,1.01,-39.81,0.0,-0.01,0.02,-9.66,100
11.36056137084961,3,-0.15,2.1642794609069824,1.01,-39.81,0.0,-0.01,0.02,-9.66,100
11.404507875442505,3,-0.15,2.120332956314087,1.01,-39.81,0.0,-0.01,0.02,-9.66,100
11.460040807723999,3,-0.15,2.0648000240325928,1.0,-39.82,0.0,0.1,-0.03,-9.67,100
11.5042142868042,3,-0.15,2.0206265449523926,1.0,-39.82,0.0,0.1,-0.03,-9.67,100
11.550309896469116,3,-0.15,1.9745309352874756,1.0,-39.81,0.0,-0.05,0.13,-9.8,100
11.606009244918823,3,-0.15,1.9188315868377686,1.0,-39.81,0.0,-0.05,0.13,-9.8,100
11.650306463241577,3,-0.15,1.8745343685150146,0.99,-39.82,0.0,-0.05,0.02,-9.89,100
11.706623315811157,3,-0.15,1.8182175159454346,0.99,-39.82,0.0,-0.05,0.02,-9.89,100
11.750443696975708,3,-0.15,1.7743971347808838,0.99,-39.86,0.0,-0.03,0.14,-9.86,100
11.805857419967651,3,-0.15,1.7189834117889404,0.99,-39.86,0.0,-0.03,0.14,-9.86,100
11.850390434265137,3,-0.15,1.674450397491455,0.99,-39.85,0.0,-0.09,-0.01,-10.22,100
11.905778646469116,3,-0.15,1.6190621852874756,0.99,-39.85,0.0,-0.09,-0.01,-10.22,100
11.960886716842651,3,-0.15,1.5639541149139404,0.98,-39.81,0.0,-0.2,0.2,-9.77,100
12.005850315093994,3,-0.15,1.5189905166625977,0.98,-39.81,0.0,-0.2,0.2,-9.77,100
12.050217151641846,3,-0.15,1.474623680114746,0.98,-39.82,0.0,0.0,-0.04,-10.18,100
12.105800151824951,3,-0.15,1.4190406799316406,0.98,-39.82,0.0,0.0,-0.04,-10.18,100
12.150109767913818,3,-0.15,1.3747310638427734,0.97,-39.79,0.0,0.07,0.04,-10.1,100
12.20566177368164,3,-0.15,1.3191790580749512,0.97,-39.82,0.0,-0.23,0.31,-9.57,100
12.260563611984253,3,-0.15,1.2642772197723389,0.97,-39.82,0.0,-0.23,0.31,-9.57,100
12.304613590240479,3,-0.15,1.2202272415161133,0.97,-39.82,0.0,-0.23,0.31,-9.57,100
12.359280586242676,3,-0.15,1.165560245513916,0.96,-39.83,0.0,-0.03,0.2,-9.81,100
12.403578758239746,3,-0.15,1.1212620735168457,0.96,-39.86,0.0,-0.25,0.23,-10.0,100
12.459272623062134,3,-0.15,1.065568208694458,0.96,-39.86,0.0,-0.25,0.23,-10.0,100
12.503461122512817,3,-0.15,1.0213797092437744,0.96,-39.81,0.0,0.05,-0.07,-10.39,100
12.558113098144531,3,-0.15,0.9667277336120605,0.96,-39.81,0.0,0.05,-0.07,-10.39,100
12.602587223052979,3,-0.15,0.9222536087036133,0.95,-39.86,0.0,-0.04,0.09,-9.82,100
12.65689992904663,3,-0.15,0.8679409027099609,0.95,-39.86,0.0,-0.04,0.09,-9.82,100
12.700397968292236,3,-0.15,0.8244428634643555,0.95,-39.82,0.0,-0.08,0.09,-9.78,100
12.755709171295166,3,-0.15,0.7691316604614258,0.95,-39.82,0.0,-0.08,0.09,-9.78,100
12.81076979637146,3,-0.15,0.7140710353851318,0.94,-39.85,0.0,0.13,-0.01,-10.4,100
12.855629682540894,3,-0.15,0.6692111492156982,0.94,-39.85,0.0,0.13,-0.01,-10.4,100
12.9110426902771,3,-0.15,0.6137981414794922,0.94,-39.89,0.0,-0.13,0.26,-9.89,100
12.956940174102783,3,-0.15,0.5679006576538086,0.94,-39.89,0.0,-0.13,0.26,-9.89,100
13.001511335372925,3,-0.15,0.523329496383667,0.95,-39.95,0.0,-0.2,0.22,-10.07,100
13.056730031967163,3,-0.15,0.4681107997894287,0.95,-39.95,0.0,-0.2,0.22,-10.07,100
13.101380586624146,3,-0.15,0.4234602451324463,0.95,-39.87,0.0,-0.1,0.03,-10.1,100
13.156219005584717,3,-0.15,0.368621826171875,0.95,-39.87,0.0,-0.1,0.03,-10.1,100
13.201274394989014,3,-0.15,0.3235664367675781,0.95,-39.86,0.0,0.11,-0.1,-10.13,100
13.257226943969727,3,-0.15,0.26761388778686523,0.95,-39.86,0.0,0.11,-0.1,-10.13,100
13.302219152450562,3,-0.15,0.22262167930603027,0.95,-39.85,0.0,-0.01,0.06,-9.86,100
13.358044624328613,3,-0.15,0.16679620742797852,0.95,-39.85,0.0,-0.01,0.06,-9.86,100
13.403170585632324,3,-0.15,0.12167024612426758,0.95,-39.79,0.0,-0.16,0.12,-9.72,100
13.458536148071289,3,-0.15,0.06630468368530273,0.95,-39.79,0.0,-0.16,0.12,-9.72,100
13.504149198532104,3,-0.15,0.020691633224487305,0.94,-39.92,0.0,0.0,-0.02,-10.1,100
13.558805465698242,4,0.0,2.9680240154266357,0.94,-39.92,0.0,0.0,-0.02,-10.1,100
13.60249948501587,4,0.0,2.924329996109009,0.94,-39.93,0.0,-0.05,0.21,-9.66,100
13.658463954925537,4,0.0,2.868365526199341,0.94,-39.93,0.0,-0.05,0.21,-9.66,100
13.702001571655273,4,0.0,2.8248279094696045,0.94,-39.89,0.0,0.05,0.15,-10.32,100
13.757139682769775,4,0.0,2.7696897983551025,0.94,-39.89,0.0,0.05,0.15,-10.32,100
13.800872087478638,4,0.0,2.7259573936462402,0.94,-39.89,0.0,0.05,0.15,-10.32,100
13.85643982887268,4,0.0,2.6703896522521973,0.93,-39.87,0.0,0.08,0.09,-10.28,100
13.900550603866577,4,0.0,2.626278877258301,0.93,-39.87,0.0,0.08,0.09,-10.28,100
13.95654845237732,4,0.0,2.5702810287475586,0.93,-39.89,0.0,-0.01,0.02,-9.79,100
14.001429796218872,4,0.0,2.525399684906006,0.93,-39.89,0.0,-0.01,0.02,-9.79,100
14.05726170539856,4,0.0,2.4695677757263184,0.93,-39.94,0.0,0.16,-0.14,-10.17,100
14.102091550827026,4,0.0,2.4247379302978516,0.93,-39.94,0.0,0.16,-0.14,-10.17,100
14.157322645187378,4,0.0,2.3695068359375,0.93,-39.89,0.0,0.17,-0.01,-10.16,100
14.202304601669312,4,0.0,2.3245248794555664,0.93,-39.89,0.0,0.17,-0.01,-10.16,100
14.258132696151733,4,0.0,2.2686967849731445,0.93,-39.87,0.0,0.21,-0.1,-9.78,100
14.302972793579102,4,0.0,2.2238566875457764,0.93,-39.87,0.0,0.21,-0.1,-9.78,100
14.358688592910767,4,0.0,2.1681408882141113,0.93,-39.87,0.0,-0.2,0.22,-9.9,100
14.403186559677124,4,0.0,2.123642921447754,0.93,-39.87,0.0,-0.2,0.22,-9.9,100
14.45814061164856,4,0.0,2.0686888694763184,0.93,-39.87,0.0,0.32,-0.06,-10.04,100
14.503639936447144,4,0.0,2.0231895446777344,0.93,-39.87,0.0,0.32,-0.06,-10.04,100
14.55834674835205,4,0.0,1.9684827327728271,0.93,-39.91,0.0,0.08,-0.04,-10.12,100
14.602663516998291,4,0.0,1.924165964126587,0.93,-39.91,0.0,0.08,-0.04,-10.12,100
14.658145427703857,4,0.0,1.8686840534210205,0.93,-39.85,0.0,0.05,0.14,-10.03,100
14.702067136764526,4,0.0,1.8247623443603516,0.93,-39.85,0.0,0.05,0.14,-10.03,100
14.757118701934814,4,0.0,1.7697107791900635,0.93,-39.83,0.0,-0.08,0.05,-9.81,100
14.801200151443481,4,0.0,1.7256293296813965,0.93,-39.83,0.0,-0.08,0.05,-9.81,100
14.857721090316772,4,0.0,1.6691083908081055,0.93,-39.85,0.0,-0.23,0.23,-9.8,100
14.901689052581787,4,0.0,1.6251404285430908,0.93,-39.85,0.0,-0.23,0.23,-9.8,100
14.958572149276733,4,0.0,1.5682573318481445,0.93,-39.85,0.0,0.02,0.16,-9.91,100
15.00293517112732,4,0.0,1.5238943099975586,0.93,-39.85,0.0,0.02,0.16,-9.91,100
15.059295654296875,4,0.0,1.467533826828003,0.93,-39.89,0.0,-0.33,0.31,-9.84,100
15.103293895721436,4,0.0,1.4235355854034424,0.93,-39.89,0.0,-0.33,0.31,-9.84,100
15.158515214920044,4,0.0,1.368314266204834,0.93,-39.88,0.0,0.02,0.11,-9.8,100
15.202510118484497,4,0.0,1.3243193626403809,0.93,-39.88,0.0,0.02,0.11,-9.8,100
15.257876873016357,4,0.0,1.2689526081085205,0.92,-39.8,0.0,-0.1,0.04,-9.98,100
15.30428409576416,4,0.0,1.2225453853607178,0.92,-39.8,0.0,-0.1,0.04,-9.98,100
15.36000680923462,4,0.0,1.1668226718902588,0.92,-39.77,0.0,-0.2,0.06,-9.87,100
15.405365943908691,4,0.0,1.1214635372161865,0.92,-39.77,0.0,-0.2,0.06,-9.87,100
15.460780143737793,4,0.0,1.066049337387085,0.92,-39.81,0.0,-0.04,0.01,-10.01,100
15.505975723266602,4,0.0,1.0208537578582764,0.92,-39.81,0.0,-0.04,0.01,-10.01,100
15.55004334449768,4,0.0,0.9767861366271973,0.92,-39.8,0.0,-0.21,-0.06,-9.72,100
15.605401754379272,4,0.0,0.9214277267456055,0.92,-39.8,0.0,-0.21,-0.06,-9.72,100
15.650146722793579,4,0.0,0.8766827583312988,0.92,-39.81,0.0,-0.04,0.01,-10.19,100
15.7056884765625,4,0.0,0.8211410045623779,0.92,-39.81,0.0,-0.04,0.01,-10.19,100
15.760720014572144,4,0.0,0.7661094665527344,0.92,-39.82,0.0,0.11,0.04,-10.27,100
15.805412292480469,4,0.0,0.7214171886444092,0.92,-39.81,0.0,-0.16,-0.06,-10.13,100
15.860458374023438,4,0.0,0.6663711071014404,0.92,-39.81,0.0,-0.16,-0.06,-10.13,100
15.90497374534607,4,0.0,0.6218557357788086,0.93,-39.83,0.0,0.16,-0.15,-9.86,100
15.959833860397339,4,0.0,0.5669956207275391,0.93,-39.83,0.0,0.16,-0.15,-9.86,100
16.00473642349243,4,0.0,0.5220930576324463,0.93,-39.84,0.0,-0.16,0.13,-10.07,100
16.060722589492798,4,0.0,0.4661068916320801,0.93,-39.84,0.0,-0.16,0.13,-10.07,100
16.105133533477783,4,0.0,0.4216959476470947,0.93,-39.92,0.0,-0.05,0.09,-10.01,100
16.150147914886475,4,0.0,0.3766815662384033,0.93,-39.92,0.0,-0.05,0.09,-10.01,100
16.204543113708496,4,0.0,0.32228636741638184,0.93,-39.83,0.0,-0.02,0.08,-9.97,100
16.259840488433838,4,0.0,0.26698899269104004,0.93,-39.83,0.0,-0.02,0.08,-9.97,100
16.30556297302246,4,0.0,0.221266508102417,0.93,-39.83,0.0,-0.02,0.08,-9.97,100
16.35086488723755,4,0.0,0.1759645938873291,0.93,-39.83,0.0,-0.02,0.08,-9.97,100
16.408355236053467,4,0.0,0.11847424507141113,0.94,-39.83,0.0,0.23,-0.23,-10.19,100
16.45229434967041,4,0.0,0.07453513145446777,0.94,-39.83,0.0,0.23,-0.23,-10.19,100
16.508349180221558,4,0.0,0.018480300903320312,0.94,-39.81,0.0,-0.09,0.03,-10.14,100
16.552358865737915,5,0.3,2.978609085083008,0.94,-39.81,0.0,-0.09,0.03,-10.14,100
16.607423305511475,5,0.3,2.9235446453094482,0.94,-39.79,0.0,-0.08,-0.06,-10.18,100
16.651078939437866,5,0.3,2.8798890113830566,0.94,-39.79,0.0,-0.08,-0.06,-10.18,100
16.706109523773193,5,0.3,2.8248584270477295,0.94,-39.84,0.0,-0.02,-0.01,-10.03,100
16.75053334236145,5,0.3,2.7804346084594727,0.94,-39.87,0.0,-0.18,0.1,-10.28,100
16.80536150932312,5,0.3,2.7256064414978027,0.94,-39.87,0.0,-0.18,0.1,-10.28,100
16.861021518707275,5,0.3,2.6699464321136475,0.95,-39.86,0.0,-0.1,-0.05,-10.59,100
16.904693841934204,5,0.3,2.6262741088867188,0.95,-39.86,0.0,-0.1,-0.05,-10.59,100
16.96038007736206,5,0.3,2.5705878734588623,0.96,-39.89,-0.01,-0.09,0.14,-10.06,100
17.005568742752075,5,0.3,2.5253992080688477,0.96,-39.89,-0.01,-0.09,0.14,-10.06,100
17.06085968017578,5,0.3,2.4701082706451416,0.97,-39.82,-0.01,0.04,-0.01,-10.2,100
17.105234622955322,5,0.3,2.4257333278656006,0.97,-39.82,-0.01,0.04,-0.01,-10.2,100
17.16116237640381,5,0.3,2.3698055744171143,0.99,-39.81,-0.01,0.02,0.0,-9.98,100
17.205222368240356,5,0.3,2.3257455825805664,0.99,-39.81,-0.01,0.02,0.0,-9.98,100
17.259949684143066,5,0.3,2.2710182666778564,1.01,-39.81,-0.01,-0.17,0.11,-9.91,100
17.302578926086426,5,0.3,2.228389024734497,1.01,-39.81,-0.01,-0.17,0.11,-9.91,100
17.35791254043579,5,0.3,2.173055410385132,1.01,-39.79,-0.01,-0.12,-0.03,-9.98,100
17.401782512664795,5,0.3,2.129185438156128,1.01,-39.79,-0.01,-0.12,-0.03,-9.98,100
17.45769429206848,5,0.3,2.0732736587524414,1.03,-39.66,-0.01,-0.25,0.03,-10.08,100
17.501669883728027,5,0.3,2.0292980670928955,1.03,-39.66,-0.01,-0.25,0.03,-10.08,100
17.557504653930664,5,0.3,1.9734632968902588,1.05,-39.76,-0.01,-0.09,-0.06,-9.88,100
17.601487398147583,5,0.3,1.9294805526733398,1.05,-39.76,-0.01,-0.09,-0.06,-9.88,100
17.657594203948975,5,0.3,1.8733737468719482,1.07,-39.78,-0.01,0.18,-0.15,-10.11,100
17.70231580734253,5,0.3,1.8286521434783936,1.07,-39.78,-0.01,0.18,-0.15,-10.11,100
17.757206439971924,5,0.3,1.773761510848999,1.08,-39.69,-0.01,0.07,-0.07,-10.03,100
17.80239987373352,5,0.3,1.7285680770874023,1.08,-39.69,-0.01,0.07,-0.07,-10.03,100
17.85911273956299,5,0.3,1.6718552112579346,1.1,-39.7,-0.01,0.04,-0.15,-10.16,100
17.90377640724182,5,0.3,1.6271915435791016,1.1,-39.7,-0.01,0.04,-0.15,-10.16,100
17.95857858657837,5,0.3,1.5723893642425537,1.11,-39.67,-0.01,-0.06,-0.13,-9.98,100
18.003280639648438,5,0.3,1.5276873111724854,1.11,-39.67,-0.01,-0.06,-0.13,-9.98,100
18.058874368667603,5,0.3,1.4720935821533203,1.13,-39.61,-0.01,-0.18,-0.01,-10.08,100
18.102717638015747,5,0.3,1.4282503128051758,1.13,-39.61,-0.01,-0.18,-0.01,-10.08,100
18.15853977203369,5,0.3,1.3724281787872314,1.14,-39.6,-0.01,0.11,-0.31,-10.26,100
18.202586889266968,5,0.3,1.328381061553955,1.14,-39.6,-0.01,0.11,-0.31,-10.26,100
18.258096933364868,5,0.3,1.2728710174560547,1.16,-39.6,-0.01,-0.11,0.02,-9.95,100
18.30238151550293,5,0.3,1.2285864353179932,1.16,-39.6,-0.01,-0.11,0.02,-9.95,100
18.358349323272705,5,0.3,1.1726186275482178,1.18,-39.56,-0.01,0.07,-0.23,-9.93,100
18.402204990386963,5,0.3,1.12876296043396,1.18,-39.56,-0.01,0.07,-0.23,-9.93,100
18.458229064941406,5,0.3,1.0727388858795166,1.2,-39.59,-0.01,0.03,-0.03,-9.91,100
18.502416133880615,5,0.3,1.0285518169403076,1.2,-39.59,-0.01,0.03,-0.03,-9.91,100
18.557644605636597,5,0.3,0.9733233451843262,1.21,-39.62,-0.01,-0.12,-0.02,-9.89,100
18.60139274597168,5,0.3,0.9295752048492432,1.21,-39.62,-0.01,-0.12,-0.02,-9.89,100
18.65678381919861,5,0.3,0.8741841316223145,1.23,-39.53,-0.01,0.03,-0.01,-9.9,100
18.700351238250732,5,0.3,0.8306167125701904,1.23,-39.53,-0.01,0.03,-0.01,-9.9,100
18.75510334968567,5,0.3,0.7758646011352539,1.25,-39.54,-0.01,-0.1,-0.11,-10.12,100
18.81008768081665,5,0.3,0.7208802700042725,1.25,-39.54,-0.01,-0.1,-0.11,-10.12,100
18.854541301727295,5,0.3,0.6764266490936279,1.26,-39.54,-0.01,-0.07,-0.15,-10.06,100
18.900625228881836,5,0.3,0.6303427219390869,1.26,-39.54,-0.01,-0.07,-0.15,-10.06,100
18.95534920692444,5,0.3,0.5756187438964844,1.27,-39.48,-0.01,0.08,0.01,-10.12,100
19.00063943862915,5,0.3,0.5303285121917725,1.27,-39.48,-0.01,0.08,0.01,-10.12,100
19.05690026283264,5,0.3,0.47406768798828125,1.29,-39.47,-0.01,-0.06,-0.03,-10.1,100
19.101358890533447,5,0.3,0.4296090602874756,1.29,-39.47,-0.01,-0.06,-0.03,-10.1,100
19.156596660614014,5,0.3,0.3743712902069092,1.29,-39.47,-0.01,-0.06,-0.03,-10.1,100
19.2022442817688,5,0.3,0.328723669052124,1.3,-39.46,-0.01,0.03,-0.09,-10.13,100
19.257474184036255,5,0.3,0.27349376678466797,1.3,-39.46,-0.01,0.03,-0.09,-10.13,100
19.30203342437744,5,0.3,0.22893452644348145,1.32,-39.47,-0.01,-0.06,-0.09,-10.18,100
19.358850955963135,5,0.3,0.17211699485778809,1.32,-39.47,-0.01,-0.06,-0.09,-10.18,100
19.40315055847168,5,0.3,0.12781739234924316,1.34,-39.41,-0.01,-0.01,-0.11,-10.02,100
19.45913290977478,5,0.3,0.07183504104614258,1.34,-39.41,-0.01,-0.01,-0.11,-10.02,100
19.503343105316162,5,0.3,0.027624845504760742,1.36,-39.39,-0.01,-0.11,-0.07,-10.06,100
19.55864715576172,6,0.0,2.9782302379608154,1.36,-39.39,-0.01,-0.11,-0.07,-10.06,100
19.60293459892273,6,0.0,2.9339427947998047,1.37,-39.41,-0.01,0.08,-0.19,-10.04,100
19.65814971923828,6,0.0,2.878727674484253,1.37,-39.41,-0.01,0.08,-0.19,-10.04,100
19.702348470687866,6,0.0,2.834528923034668,1.38,-39.38,-0.01,-0.05,0.03,-9.9,100
19.75823664665222,6,0.0,2.7786407470703125,1.38,-39.38,-0.01,-0.05,0.03,-9.9,100
19.8024263381958,6,0.0,2.7344510555267334,1.4,-39.38,-0.01,-0.1,0.0,-9.47,100
19.859630584716797,6,0.0,2.6772468090057373,1.4,-39.38,-0.01,-0.1,0.0,-9.47,100
19.903217792510986,6,0.0,2.633659601211548,1.4,-39.32,0.0,-0.23,0.15,-9.78,100
19.95915937423706,6,0.0,2.5777180194854736,1.4,-39.32,0.0,-0.23,0.15,-9.78,100
20.002771615982056,6,0.0,2.5341057777404785,1.41,-39.39,0.0,-0.15,0.02,-9.7,100
20.058723211288452,6,0.0,2.478154182434082,1.41,-39.39,0.0,-0.15,0.02,-9.7,100
20.10365629196167,6,0.0,2.4332211017608643,1.41,-39.34,0.0,-0.2,-0.06,-9.82,100
20.158600568771362,6,0.0,2.378276824951172,1.41,-39.34,0.0,-0.2,-0.06,-9.82,100
20.202602863311768,6,0.0,2.3342745304107666,1.41,-39.39,0.0,0.14,-0.27,-10.19,100
20.257089376449585,6,0.0,2.279788017272949,1.41,-39.39,0.0,0.14,-0.27,-10.19,100
20.30175542831421,6,0.0,2.235121965408325,1.41,-39.36,0.0,-0.1,-0.01,-9.97,100
20.35778832435608,6,0.0,2.179089069366455,1.41,-39.36,0.0,-0.1,-0.01,-9.97,100
20.401533365249634,6,0.0,2.1353440284729004,1.41,-39.33,0.0,0.1,-0.03,-9.93,100
20.456985473632812,6,0.0,2.0798919200897217,1.41,-39.33,0.0,0.1,-0.03,-9.93,100
20.502103805541992,6,0.0,2.034773588180542,1.41,-39.31,0.0,-0.1,-0.08,-9.96,100
20.55852961540222,6,0.0,1.9783477783203125,1.41,-39.31,0.0,-0.1,-0.08,-9.96,100
20.602429151535034,6,0.0,1.9344482421875,1.41,-39.36,0.0,-0.01,-0.04,-9.94,100
20.65792727470398,6,0.0,1.8789501190185547,1.41,-39.36,0.0,-0.01,-0.04,-9.94,100
20.702094554901123,6,0.0,1.8347828388214111,1.41,-39.35,0.0,-0.05,0.01,-9.89,100
20.75760579109192,6,0.0,1.7792716026306152,1.41,-39.35,0.0,-0.05,0.01,-9.89,100
20.801476001739502,6,0.0,1.7354013919830322,1.41,-39.42,0.0,-0.04,-0.07,-9.97,100
20.857336044311523,6,0.0,1.6795413494110107,1.41,-39.42,0.0,-0.04,-0.07,-9.97,100
20.902194499969482,6,0.0,1.6346828937530518,1.41,-39.35,0.0,-0.07,-0.17,-9.78,100
20.957287311553955,6,0.0,1.579590082168579,1.41,-39.35,0.0,-0.07,-0.17,-9.78,100
21.001949548721313,6,0.0,1.5349278450012207,1.41,-39.45,0.0,0.06,-0.05,-10.07,100
21.057358264923096,6,0.0,1.4795191287994385,1.41,-39.45,0.0,0.06,-0.05,-10.07,100
21.10176110267639,6,0.0,1.4351162910461426,1.41,-39.34,0.0,-0.26,-0.18,-10.05,100
21.160038471221924,6,0.0,1.3768389225006104,1.41,-39.33,0.0,0.02,0.04,-10.16,100
21.204977989196777,6,0.0,1.3318994045257568,1.41,-39.33,0.0,0.02,0.04,-10.16,100
21.260404109954834,6,0.0,1.2764732837677002,1.41,-39.36,0.0,-0.09,-0.18,-10.01,100
21.306256771087646,6,0.0,1.2306206226348877,1.41,-39.36,0.0,-0.09,-0.18,-10.01,100
21.36110806465149,6,0.0,1.175769329071045,1.41,-39.36,0.0,-0.09,-0.18,-10.01,100
21.405625581741333,6,0.0,1.1312518119812012,1.41,-39.36,0.0,-0.09,-0.18,-10.01,100
21.45074772834778,6,0.0,1.0861296653747559,1.41,-39.39,0.0,0.06,-0.08,-9.8,100
21.507402896881104,6,0.0,1.0294744968414307,1.41,-39.35,0.0,0.41,-0.19,-10.19,100
21.551485538482666,6,0.0,0.9853918552398682,1.41,-39.35,0.0,0.41,-0.19,-10.19,100
21.606659650802612,6,0.0,0.9302177429199219,1.41,-39.4,0.0,-0.3,0.04,-9.86,100
21.6510009765625,6,0.0,0.8858764171600342,1.41,-39.4,0.0,-0.3,0.04,-9.86,100
21.706505060195923,6,0.0,0.8303723335266113,1.41,-39.38,0.0,-0.19,0.0,-9.79,100
21.75064706802368,6,0.0,0.7862303256988525,1.41,-39.38,0.0,-0.19,0.0,-9.79,100
21.806031465530396,6,0.0,0.7308459281921387,1.41,-39.31,0.0,0.13,-0.3,-10.21,100
21.850719928741455,6,0.0,0.6861574649810791,1.41,-39.31,0.0,0.13,-0.3,-10.21,100
21.90599036216736,6,0.0,0.6308870315551758,1.42,-39.33,0.0,0.05,0.0,-9.86,100
21.950565338134766,6,0.0,0.5863120555877686,1.42,-39.33,0.0,0.05,0.0,-9.86,100
22.006091594696045,6,0.0,0.5307857990264893,1.42,-39.3,0.0,0.0,-0.04,-9.73,100
22.060569763183594,6,0.0,0.47630763053894043,1.42,-39.3,0.0,0.0,-0.04,-9.73,100
22.10599160194397,6,0.0,0.43088579177856445,1.42,-39.3,0.0,-0.18,0.05,-9.83,100
22.150382041931152,6,0.0,0.38649535179138184,1.42,-39.3,0.0,-0.18,0.05,-9.83,100
22.205517530441284,6,0.0,0.33135986328125,1.42,-39.35,0.0,-0.11,-0.06,-10.21,100
22.25014352798462,6,0.0,0.28673386573791504,1.42,-39.35,0.0,-0.11,-0.06,-10.21,100
22.304529428482056,6,0.0,0.23234796524047852,1.42,-39.32,0.0,0.1,0.0,-9.98,100
22.359972953796387,6,0.0,0.17690443992614746,1.42,-39.32,0.0,0.1,0.0,-9.98,100
22.404834747314453,6,0.0,0.13204264640808105,1.42,-39.34,0.0,-0.15,0.02,-9.99,100
22.450509548187256,6,0.0,0.08636784553527832,1.42,-39.34,0.0,-0.15,0.02,-9.99,100
22.50699019432068,6,0.0,0.02988719940185547,1.41,-39.33,0.0,-0.1,0.0,-10.05,100
22.55113458633423,7,-0.25,2.9897589683532715,1.41,-39.33,0.0,-0.1,0.0,-10.05,100
22.60550570487976,7,-0.25,2.9353878498077393,1.42,-39.33,0.0,0.02,-0.06,-9.98,100
22.66048002243042,7,-0.25,2.88041353225708,1.42,-39.33,0.0,0.02,-0.06,-9.98,100
22.705530881881714,7,-0.25,2.835362672805786,1.42,-39.39,0.0,-0.07,-0.08,-10.09,100
22.759209156036377,7,-0.25,2.781684398651123,1.42,-39.39,0.0,-0.07,-0.08,-10.09,100
22.80381202697754,7,-0.25,2.737081527709961,1.42,-39.39,0.0,-0.05,0.02,-9.6,100
22.859636068344116,7,-0.25,2.681257486343384,1.42,-39.39,0.0,-0.05,0.02,-9.6,100
22.903876066207886,7,-0.25,2.6370174884796143,1.41,-39.31,0.0,-0.02,-0.06,-9.96,100
22.960673093795776,7,-0.25,2.5802204608917236,1.41,-39.31,0.0,-0.02,-0.06,-9.96,100
23.005433320999146,7,-0.25,2.5354602336883545,1.41,-39.36,0.0,0.23,-0.18,-9.82,100
23.050002813339233,7,-0.25,2.4908907413482666,1.41,-39.36,0.0,0.23,-0.18,-9.82,100
23.10566997528076,7,-0.25,2.4352235794067383,1.4,-39.48,0.0,-0.14,0.04,-9.73,100
23.15103268623352,7,-0.25,2.3898608684539795,1.4,-39.48,0.0,-0.14,0.04,-9.73,100
23.206393241882324,7,-0.25,2.334500312805176,1.39,-39.45,0.0,-0.19,0.05,-9.65,100
23.251232147216797,7,-0.25,2.289661407470703,1.39,-39.45,0.0,-0.19,0.05,-9.65,100
23.30645728111267,7,-0.25,2.234436273574829,1.38,-39.45,0.01,0.05,-0.09,-9.94,100
23.35034441947937,7,-0.25,2.19054913520813,1.38,-39.45,0.01,0.05,-0.09,-9.94,100
23.406362771987915,7,-0.25,2.134530782699585,1.36,-39.46,0.01,-0.15,0.1,-10.09,100
23.450222969055176,7,-0.25,2.090670585632324,1.36,-39.46,0.01,-0.15,0.1,-10.09,100
23.506210803985596,7,-0.25,2.0346827507019043,1.35,-39.44,0.01,0.13,-0.2,-10.26,100
23.55064868927002,7,-0.25,1.9902448654174805,1.35,-39.44,0.01,0.13,-0.2,-10.26,100
23.60563850402832,7,-0.25,1.9352550506591797,1.35,-39.5,0.01,0.27,-0.08,-10.2,100
23.650100469589233,7,-0.25,1.8907930850982666,1.35,-39.5,0.01,0.27,-0.08,-10.2,100
23.706249475479126,7,-0.25,1.834644079208374,1.33,-39.49,0.01,0.14,-0.07,-10.12,100
23.750986337661743,7,-0.25,1.7899072170257568,1.33,-39.49,0.01,0.14,-0.07,-10.12,100
23.80689811706543,7,-0.25,1.7339954376220703,1.32,-39.44,0.01,0.1,-0.04,-10.09,100
23.850927352905273,7,-0.25,1.6899662017822266,1.32,-39.44,0.01,0.1,-0.04,-10.09,100
23.9066960811615,7,-0.25,1.634197473526001,1.31,-39.48,0.01,-0.1,0.02,-9.94,100
23.950891971588135,7,-0.25,1.5900015830993652,1.31,-39.48,0.01,-0.1,0.02,-9.94,100
24.006430864334106,7,-0.25,1.5344626903533936,1.29,-39.48,0.01,0.01,-0.15,-10.15,100
24.051321744918823,7,-0.25,1.4895718097686768,1.29,-39.48,0.01,0.01,-0.15,-10.15,100
24.10657000541687,7,-0.25,1.4343235492706299,1.29,-39.48,0.01,0.01,-0.15,-10.15,100
24.151598691940308,7,-0.25,1.3892948627471924,1.28,-39.45,0.01,-0.1,-0.18,-9.98,100
24.208125591278076,7,-0.25,1.3327679634094238,1.28,-39.45,0.01,-0.1,-0.18,-9.98,100
24.252772569656372,7,-0.25,1.288120985031128,1.27,-39.49,0.01,0.05,-0.07,-10.25,100
24.307920932769775,7,-0.25,1.2329726219177246,1.27,-39.49,0.01,0.05,-0.07,-10.25,100
24.352386713027954,7,-0.25,1.188506841659546,1.26,-39.54,0.01,-0.02,0.07,-10.16,100
24.40840482711792,7,-0.25,1.13248872756958,1.26,-39.54,0.01,-0.02,0.07,-10.16,100
24.45285964012146,7,-0.25,1.08803391456604,1.25,-39.54,0.01,-0.11,-0.06,-9.88,100
24.508458852767944,7,-0.25,1.0324347019195557,1.25,-39.54,0.01,-0.11,-0.06,-9.88,100
24.553009271621704,7,-0.25,0.9878842830657959,1.23,-39.45,0.01,0.23,-0.19,-10.12,100
24.609792470932007,7,-0.25,0.9311010837554932,1.23,-39.45,0.01,0.23,-0.19,-10.12,100
24.65420913696289,7,-0.25,0.8866844177246094,1.22,-39.5,0.01,0.09,-0.11,-10.16,100
24.710482358932495,7,-0.25,0.8304111957550049,1.22,-39.5,0.01,0.09,-0.11,-10.16,100
24.755162239074707,7,-0.25,0.785731315612793,1.21,-39.55,0.01,0.08,-0.02,-10.06,100
24.810731172561646,7,-0.25,0.7301623821258545,1.21,-39.55,0.01,0.08,-0.02,-10.06,100
24.85566234588623,7,-0.25,0.6852312088012695,1.19,-39.59,0.01,-0.17,0.0,-9.9,100
24.900290727615356,7,-0.25,0.6406028270721436,1.19,-39.59,0.01,-0.17,0.0,-9.9,100
24.956462144851685,7,-0.25,0.5844314098358154,1.18,-39.58,0.01,0.16,-0.06,-10.26,100
25.001424312591553,7,-0.25,0.5394692420959473,1.18,-39.58,0.01,0.16,-0.06,-10.26,100
25.05640459060669,7,-0.25,0.48448896408081055,1.17,-39.53,0.01,-0.15,-0.02,-10.23,100
25.10091257095337,7,-0.25,0.43998098373413086,1.17,-39.53,0.01,-0.15,-0.02,-10.23,100
25.156478881835938,7,-0.25,0.3844146728515625,1.16,-39.52,0.01,0.09,0.0,-9.68,100
25.200864791870117,7,-0.25,0.3400287628173828,1.16,-39.52,0.01,0.09,0.0,-9.68,100
25.257108449935913,7,-0.25,0.2837851047515869,1.14,-39.62,0.01,0.05,-0.11,-9.94,100
25.30101990699768,7,-0.25,0.23987364768981934,1.14,-39.62,0.01,0.05,-0.11,-9.94,100
25.356313228607178,7,-0.25,0.18458032608032227,1.13,-39.62,0.01,0.06,-0.06,-9.84,100
25.41069722175598,7,-0.25,0.13019633293151855,1.13,-39.62,0.01,0.06,-0.06,-9.84,100
25.455137729644775,7,-0.25,0.08575582504272461,1.12,-39.61,0.01,-0.09,-0.11,-10.05,100
25.5105402469635,7,-0.25,0.030353307723999023,1.12,-39.61,0.01,-0.09,-0.11,-10.05,100
25.555293321609497,8,0.0,2.989419937133789,1.11,-39.62,0.01,0.05,-0.06,-10.03,100
25.60032868385315,8,0.0,2.9443845748901367,1.11,-39.62,0.01,0.05,-0.06,-10.03,100
25.65537190437317,8,0.0,2.889341354370117,1.09,-39.64,0.01,-0.17,-0.05,-9.99,100
25.711063146591187,8,0.0,2.8336501121520996,1.09,-39.64,0.01,-0.17,-0.05,-9.99,100
25.75562596321106,8,0.0,2.7890872955322266,1.08,-39.61,0.01,0.18,0.05,-10.09,100
25.81037139892578,8,0.0,2.734341859817505,1.08,-39.61,0.01,0.18,0.05,-10.09,100
25.854891777038574,8,0.0,2.689821481704712,1.07,-39.67,0.0,0.02,-0.11,-9.86,100
25.910590171813965,8,0.0,2.6341230869293213,1.07,-39.67,0.0,0.02,-0.11,-9.86,100
25.95469617843628,8,0.0,2.590017080307007,1.06,-39.7,0.0,0.08,-0.1,-10.52,100
26.00983452796936,8,0.0,2.534878730773926,1.06,-39.7,0.0,0.08,-0.1,-10.52,100
26.05506730079651,8,0.0,2.4896459579467773,1.06,-39.68,0.0,-0.13,0.01,-10.16,100
26.100154638290405,8,0.0,2.444558620452881,1.06,-39.62,0.0,0.14,-0.01,-10.56,100
26.155191659927368,8,0.0,2.389521598815918,1.06,-39.62,0.0,0.14,-0.01,-10.56,100
26.210258722305298,8,0.0,2.3344545364379883,1.06,-39.6,0.0,0.25,-0.2,-10.32,100
26.254082202911377,8,0.0,2.290631055831909,1.06,-39.6,0.0,0.25,-0.2,-10.32,100
26.309695959091187,8,0.0,2.2350172996520996,1.05,-39.65,0.0,0.07,0.0,-9.97,100
26.352882862091064,8,0.0,2.1918303966522217,1.05,-39.65,0.0,0.07,0.0,-9.97,100
26.408509969711304,8,0.0,2.1362032890319824,1.05,-39.65,0.0,0.07,0.0,-9.97,100
26.452954292297363,8,0.0,2.091758966445923,1.05,-39.65,0.0,0.07,0.0,-9.97,100
26.50890326499939,8,0.0,2.0358099937438965,1.05,-39.66,0.0,-0.09,0.01,-10.31,100
26.552940368652344,8,0.0,1.9917728900909424,1.05,-39.66,0.0,-0.09,0.01,-10.31,100
26.608160734176636,8,0.0,1.9365525245666504,1.06,-39.68,0.0,0.09,0.05,-9.87,100
26.652352809906006,8,0.0,1.8923604488372803,1.06,-39.68,0.0,0.09,0.05,-9.87,100
26.707521438598633,8,0.0,1.8371918201446533,1.06,-39.66,0.0,-0.02,-0.1,-9.93,100
26.751692295074463,8,0.0,1.7930209636688232,1.06,-39.66,0.0,-0.02,-0.1,-9.93,100
26.806535243988037,8,0.0,1.738178014755249,1.06,-39.63,0.0,-0.02,-0.16,-10.17,100
26.850313186645508,8,0.0,1.6944000720977783,1.06,-39.63,0.0,-0.02,-0.16,-10.17,100
26.905473232269287,8,0.0,1.639240026473999,1.06,-39.6,0.0,0.16,-0.19,-10.24,100
26.960691690444946,8,0.0,1.5840215682983398,1.06,-39.68,0.0,0.12,-0.06,-9.73,100
27.005818128585815,8,0.0,1.5388951301574707,1.06,-39.68,0.0,0.12,-0.06,-9.73,100
27.060226917266846,8,0.0,1.4844863414764404,1.06,-39.64,0.0,0.0,0.09,-9.79,100
27.103256464004517,8,0.0,1.4414567947387695,1.06,-39.64,0.0,0.0,0.09,-9.79,100
27.150514125823975,8,0.0,1.3941991329193115,1.06,-39.7,0.0,0.1,-0.09,-9.78,100
27.205798387527466,8,0.0,1.3389148712158203,1.06,-39.7,0.0,0.1,-0.09,-9.78,100
27.258148431777954,8,0.0,1.286564826965332,1.06,-39.7,0.0,0.2,-0.2,-10.14,100
27.30010151863098,8,0.0,1.2446117401123047,1.06,-39.7,0.0,0.2,-0.2,-10.14,100
27.355315923690796,8,0.0,1.1893973350524902,1.06,-39.68,0.0,0.0,0.03,-9.89,100
27.40843439102173,8,0.0,1.1362788677215576,1.06,-39.68,0.0,0.0,0.03,-9.89,100
27.451704502105713,8,0.0,1.0930087566375732,1.06,-39.69,0.0,-0.03,-0.09,-9.96,100
27.506211280822754,8,0.0,1.0385019779205322,1.06,-39.69,0.0,-0.03,-0.09,-9.96,100
27.550150156021118,8,0.0,0.994563102722168,1.06,-39.52,0.0,0.18,-0.21,-10.0,100
27.605947732925415,8,0.0,0.9387655258178711,1.06,-39.52,0.0,0.18,-0.21,-10.0,100
27.65046715736389,8,0.0,0.8942461013793945,1.06,-39.62,0.0,-0.07,0.0,-9.7,100
27.708444833755493,8,0.0,0.836268424987793,1.06,-39.62,0.0,-0.07,0.0,-9.7,100
27.75260329246521,8,0.0,0.7921099662780762,1.05,-39.6,0.0,-0.13,0.06,-9.77,100
27.809175729751587,8,0.0,0.7355375289916992,1.05,-39.6,0.0,-0.13,0.06,-9.77,100
27.852999687194824,8,0.0,0.6917135715484619,1.05,-39.59,0.0,-0.18,0.02,-10.13,100
27.9091374874115,8,0.0,0.6355757713317871,1.05,-39.59,0.0,-0.18,0.02,-10.13,100
27.954210996627808,8,0.0,0.5905022621154785,1.05,-39.69,0.0,-0.02,-0.03,-10.09,100
28.010051250457764,8,0.0,0.5346620082855225,1.05,-39.69,0.0,-0.02,-0.03,-10.09,100
28.055986642837524,8,0.0,0.4887266159057617,1.05,-39.72,0.0,0.09,-0.06,-10.16,100
28.100003004074097,8,0.0,0.44471025466918945,1.05,-39.72,0.0,0.09,-0.06,-10.16,100
28.154836416244507,8,0.0,0.3898768424987793,1.05,-39.69,0.0,0.03,0.08,-10.08,100
28.200554132461548,8,0.0,0.3441591262817383,1.05,-39.69,0.0,0.03,0.08,-10.08,100
28.255918502807617,8,0.0,0.28879475593566895,1.05,-39.67,0.0,0.14,-0.02,-10.19,100
28.301408290863037,8,0.0,0.24330496788024902,1.05,-39.67,0.0,0.14,-0.02,-10.19,100
28.356984615325928,8,0.0,0.1877286434173584,1.05,-39.7,0.0,-0.18,-0.08,-10.04,100
28.40104031562805,8,0.0,0.14367294311523438,1.05,-39.7,0.0,-0.18,-0.08,-10.04,100
28.45645523071289,8,0.0,0.08825802803039551,1.06,-39.69,0.0,0.03,-0.13,-9.98,100
28.501224040985107,8,0.0,0.04348921775817871,1.06,-39.69,0.0,0.03,-0.13,-9.98,100
